destination_currency,total_observations,benchmarkable_observations,unavailable_observations,benchmark_availability_pct
INR,15285,11716,3569,76.65031076218514
PHP,14174,11541,2633,81.4237335967264
VND,8660,0,8660,0.0
CNY,8330,6394,1936,76.75870348139256
BDT,6553,0,6553,0.0
PKR,6338,1249,5089,19.70653202903124
LKR,6026,4375,1651,72.60205774975108
IDR,5727,4980,747,86.95652173913044
MAD,5477,133,5344,2.4283366806645974
NGN,5113,0,5113,0.0
XOF,4317,0,4317,0.0
BRL,4234,2225,2009,52.55077940481814
GHS,4204,0,4204,0.0
KES,3968,0,3968,0.0
THB,3941,3264,677,82.82161887845724
NPR,3902,829,3073,21.24551512045105
EGP,3777,0,3777,0.0
USD,3663,2152,1511,58.74965874965875
RON,3538,715,2823,20.209157716223856
LBP,3145,0,3145,0.0
TRY,2888,0,2888,0.0
EUR,2710,0,2710,0.0
ALL,2291,1209,1082,52.77171540811872
UAH,2235,1018,1217,45.54809843400447
RSD,2115,321,1794,15.177304964539006
BGN,2104,0,2104,0.0
JOD,2087,0,2087,0.0
DOP,2078,0,2078,0.0
UGX,1798,0,1798,0.0
COP,1784,1146,638,64.23766816143498
PEN,1762,926,836,52.55391600454029
TZS,1728,0,1728,0.0
FJD,1715,0,1715,0.0
JMD,1696,0,1696,0.0
ETB,1670,0,1670,0.0
RWF,1649,0,1649,0.0
PLN,1627,1585,42,97.41856177012907
WST,1604,0,1604,0.0
MYR,1601,1508,93,94.19113054341037
TOP,1553,0,1553,0.0
HUF,1488,473,1015,31.787634408602152
MDL,1321,0,1321,0.0
TND,1310,0,1310,0.0
HNL,1300,0,1300,0.0
MXN,1283,1232,51,96.024941543258
ZMW,1247,0,1247,0.0
SOS,1220,0,1220,0.0
SSP,1179,0,1179,0.0
ZAR,1075,1003,72,93.30232558139535
MZN,1045,0,1045,0.0
VUV,1006,0,1006,0.0
NIO,937,0,937,0.0
GYD,907,0,907,0.0
BAM,890,0,890,0.0
AFN,825,0,825,0.0
BOB,808,0,808,0.0
GTQ,781,0,781,0.0
HRK,764,0,764,0.0
MMK,759,0,759,0.0
YER,730,0,730,0.0
CRC,676,0,676,0.0
GMD,652,0,652,0.0
XAF,652,0,652,0.0
MWK,651,0,651,0.0
KHR,624,0,624,0.0
CVE,608,0,608,0.0
BWP,578,0,578,0.0
ERN,577,0,577,0.0
CDF,563,0,563,0.0
KMF,505,0,505,0.0
LRD,494,0,494,0.0
KGS,487,0,487,0.0
LAK,476,0,476,0.0
DZD,457,0,457,0.0
AMD,418,0,418,0.0
SRD,402,0,402,0.0
SYP,398,0,398,0.0
TJS,389,0,389,0.0
MGA,384,0,384,0.0
SDG,384,0,384,0.0
AOA,359,0,359,0.0
SLL,320,0,320,0.0
PYG,308,0,308,0.0
MKD,274,0,274,0.0
SZL,255,0,255,0.0
GEL,143,0,143,0.0
KZT,137,80,57,58.3941605839416
AZN,115,0,115,0.0
BYN,115,0,115,0.0
UZS,114,0,114,0.0
SLE,113,0,113,0.0
CUP,71,0,71,0.0
BYR,8,0,8,0.0
