corridor,total_observations,benchmarkable_observations,unavailable_observations,benchmark_availability_pct
USAPHL,1853,1794,59,96.81597409606044
GBRPHL,1444,1387,57,96.05263157894737
SGPPHL,1352,1238,114,91.5680473372781
JPNPHL,1351,1328,23,98.29755736491488
USAIND,1304,1297,7,99.46319018404908
AUSIND,1303,1257,46,96.46968534151958
USAMEX,1283,1232,51,96.024941543258
USASLV,1268,1218,50,96.05678233438486
ITAPHL,1258,0,1258,0.0
AUSPHL,1249,1218,31,97.51801441152922
GBRIND,1193,1160,33,97.2338642078793
ITAMAR,1186,0,1186,0.0
NZLIND,1162,1103,59,94.92254733218589
USACOL,1159,1146,13,98.87834339948232
ITAROU,1156,0,1156,0.0
CANPHL,1141,1021,120,89.4829097283085
MYSIDN,1095,1061,34,96.89497716894977
NZLVNM,1091,0,1091,0.0
SGPIDN,1090,1011,79,92.75229357798165
FRAMAR,1067,0,1067,0.0
DEUROU,1066,0,1066,0.0
GBRBGD,1057,0,1057,0.0
ITALKA,1042,0,1042,0.0
KORVNM,1032,0,1032,0.0
NZLFJI,1030,0,1030,0.0
NZLWSM,1013,0,1013,0.0
NZLPHL,1012,973,39,96.14624505928853
GBRGHA,1008,0,1008,0.0
MYSPHL,1008,970,38,96.23015873015873
MYSBGD,996,0,996,0.0
CANIND,992,937,55,94.45564516129032
AUSLBN,984,0,984,0.0
USADOM,983,0,983,0.0
SGPMYS,970,893,77,92.06185567010309
USAKEN,969,0,969,0.0
USAECU,961,934,27,97.1904266389178
GBRKEN,945,0,945,0.0
USABRA,936,904,32,96.58119658119658
GBRPOL,924,904,20,97.83549783549783
ITAIND,920,0,920,0.0
NZLTON,920,0,920,0.0
USAGHA,908,0,908,0.0
DEUGHA,899,0,899,0.0
GBRPAK,894,173,721,19.351230425055927
BELMAR,891,0,891,0.0
SGPIND,878,827,51,94.19134396355354
USAVNM,878,0,878,0.0
JPNIND,869,856,13,98.50402761795168
NZLCHN,864,816,48,94.44444444444444
ITABRA,860,0,860,0.0
KORCHN,851,836,15,98.2373678025852
GBRLKA,845,787,58,93.13609467455622
NORPAK,841,107,734,12.72294887039239
AUSLKA,837,739,98,88.2915173237754
ITAECU,827,0,827,0.0
ITABGD,815,0,815,0.0
DEUIND,804,0,804,0.0
USAHND,804,0,804,0.0
GBRUGA,803,0,803,0.0
DEUTUR,801,0,801,0.0
ITASEN,792,0,792,0.0
NLDGHA,792,0,792,0.0
DEUMAR,789,0,789,0.0
USANPL,785,111,674,14.140127388535031
USAGTM,781,0,781,0.0
AUSVNM,780,0,780,0.0
GBRALB,777,716,61,92.14929214929215
ITAEGY,764,0,764,0.0
DEUNGA,758,0,758,0.0
ZAFZWE,756,0,756,0.0
FRASEN,754,0,754,0.0
GBRBGR,749,0,749,0.0
DEUVNM,748,0,748,0.0
AUTTUR,747,0,747,0.0
FRACIV,747,0,747,0.0
SWEIND,746,712,34,95.44235924932975
AUSPAK,742,161,581,21.69811320754717
ITANGA,741,0,741,0.0
GBRROU,734,715,19,97.41144414168937
GBRLTU,730,0,730,0.0
NLDMAR,730,0,730,0.0
ITAALB,729,0,729,0.0
GBRBRA,728,698,30,95.87912087912088
USAIDN,728,689,39,94.64285714285714
CANKEN,725,0,725,0.0
FRAIND,709,0,709,0.0
ITAUKR,704,0,704,0.0
NORPOL,703,681,22,96.8705547652916
ZAFZMB,701,0,701,0.0
GBRNGA,699,0,699,0.0
GBRVNM,699,0,699,0.0
AUSIDN,698,681,17,97.56446991404012
SGPTHA,697,645,52,92.53945480631278
ITATUN,691,0,691,0.0
AUSFJI,685,0,685,0.0
GBRTHA,684,670,14,97.953216374269
ZAFMOZ,683,0,683,0.0
GBRTZA,681,0,681,0.0
USACRI,676,0,676,0.0
ZAFKEN,676,0,676,0.0
BELTUR,675,0,675,0.0
USATHA,673,607,66,90.19316493313522
ESPMAR,668,0,668,0.0
NLDTUR,665,0,665,0.0
AREPHL,660,611,49,92.57575757575758
USAPAK,659,114,545,17.298937784522003
FRACMR,652,0,652,0.0
GBRGMB,652,0,652,0.0
ZAFMWI,651,0,651,0.0
CANVNM,650,0,650,0.0
KENUGA,648,0,648,0.0
CHELKA,646,577,69,89.3188854489164
SGPBGD,646,0,646,0.0
USACHN,645,619,26,95.96899224806201
AREIND,644,520,124,80.74534161490683
NLDDOM,641,0,641,0.0
JPNIDN,639,631,8,98.74804381846636
USAPER,639,576,63,90.14084507042254
GBRRWA,638,0,638,0.0
GBRZAF,635,596,39,93.85826771653544
THAIND,635,600,35,94.48818897637796
AUSTON,633,0,633,0.0
GBRNPL,633,123,510,19.431279620853083
KENTZA,633,0,633,0.0
ITAMDA,632,0,632,0.0
AUSMYS,631,615,16,97.46434231378764
JPNBRA,631,623,8,98.73217115689383
FRAVNM,627,0,627,0.0
USAJAM,627,0,627,0.0
ARELKA,625,529,96,84.64
ESPCOL,625,0,625,0.0
THAKHM,624,0,624,0.0
ESPPHL,621,0,621,0.0
FRATUN,619,0,619,0.0
USANGA,619,0,619,0.0
USANIC,617,0,617,0.0
AREPAK,616,142,474,23.051948051948052
THAVNM,615,0,615,0.0
USABGD,613,0,613,0.0
ESPECU,607,0,607,0.0
ARENPL,602,135,467,22.425249169435215
DEUHRV,598,0,598,0.0
CANGHA,597,0,597,0.0
DEUBGR,595,0,595,0.0
AUSWSM,591,0,591,0.0
KWTIND,591,486,105,82.23350253807106
GBRCHN,590,578,12,97.96610169491525
USAGUY,586,0,586,0.0
GBRSLE,585,0,585,0.0
MYSIND,584,566,18,96.91780821917808
USAJOR,583,0,583,0.0
ESPROU,582,0,582,0.0
ZAFBWA,578,0,578,0.0
GBRJAM,576,0,576,0.0
ESPBRA,575,0,575,0.0
NLDNGA,570,0,570,0.0
JPNCHN,567,557,10,98.2363315696649
ITAETH,564,0,564,0.0
BELCOD,563,0,563,0.0
JPNVNM,561,0,561,0.0
GBRZWE,560,0,560,0.0
KWTPHL,560,456,104,81.42857142857143
AUTHRV,559,0,559,0.0
USAEGY,558,0,558,0.0
DEUMDA,548,0,548,0.0
GBRZMB,546,0,546,0.0
FRAMLI,544,0,544,0.0
CZEVNM,541,0,541,0.0
CANPAK,537,99,438,18.435754189944134
KWTBGD,537,0,537,0.0
BHRIND,535,142,393,26.542056074766357
FRACHN,533,0,533,0.0
FRATGO,533,0,533,0.0
ESPNGA,532,0,532,0.0
KENSSD,528,0,528,0.0
AUSCHN,525,512,13,97.52380952380952
CHEALB,523,493,30,94.26386233269598
ITASRB,522,0,522,0.0
ESPPER,521,0,521,0.0
SGPLKA,521,470,51,90.21113243761995
MYSNPL,517,105,412,20.309477756286267
NZLVUT,516,0,516,0.0
DEUSRB,515,0,515,0.0
JOREGY,512,0,512,0.0
SGPCHN,512,486,26,94.921875
USAETH,510,0,510,0.0
AUSTHA,509,493,16,96.85658153241651
DEUTHA,507,0,507,0.0
THAIDN,507,475,32,93.68836291913215
DEUBIH,506,0,506,0.0
FRACOM,505,0,505,0.0
PRTBRA,504,0,504,0.0
THACHN,504,478,26,94.84126984126983
AUTHUN,503,0,503,0.0
DEUHUN,501,0,501,0.0
ESPHND,496,0,496,0.0
DEUTGO,495,0,495,0.0
USALBR,494,0,494,0.0
CANJAM,493,0,493,0.0
ESPBOL,492,0,492,0.0
AUSVUT,490,0,490,0.0
ZAFNGA,490,0,490,0.0
KWTEGY,488,0,488,0.0
CANHTI,487,0,487,0.0
CHEHUN,484,473,11,97.72727272727273
USALBN,483,0,483,0.0
AUSZWE,482,0,482,0.0
GBRETH,481,0,481,0.0
THALAO,476,0,476,0.0
THAMMR,476,0,476,0.0
NLDIDN,471,0,471,0.0
USAPAN,468,0,468,0.0
USAHTI,464,0,464,0.0
USAUKR,464,428,36,92.24137931034483
FRAHTI,459,0,459,0.0
AREEGY,455,0,455,0.0
JPNTHA,455,445,10,97.8021978021978
DEUCHN,454,0,454,0.0
ESPDOM,454,0,454,0.0
SWECHN,454,437,17,96.25550660792952
CANCHN,452,426,26,94.24778761061947
KWTPAK,452,90,362,19.911504424778762
INDNPL,451,71,380,15.74279379157428
JORPSE,450,0,450,0.0
CANNGA,449,0,449,0.0
DEUUKR,448,0,448,0.0
KWTJOR,441,0,441,0.0
USAZAF,440,407,33,92.5
CANZWE,439,0,439,0.0
MYSVNM,438,0,438,0.0
CZEUKR,432,406,26,93.98148148148148
CANLKA,431,362,69,83.9907192575406
MYSTHA,416,404,12,97.11538461538461
TURBGR,415,0,415,0.0
ZAFTZA,414,0,414,0.0
GBRSOM,411,0,411,0.0
ITACHN,410,0,410,0.0
CANRWA,409,0,409,0.0
NLDSUR,402,0,402,0.0
QATPHL,399,326,73,81.70426065162907
AUTSRB,393,0,393,0.0
QATEGY,392,0,392,0.0
QATNPL,392,146,246,37.244897959183675
USACPV,391,0,391,0.0
ZAFIND,385,382,3,99.22077922077922
AUTBIH,384,0,384,0.0
AUTKSV,384,0,384,0.0
FRAMDG,384,0,384,0.0
QATIND,372,326,46,87.63440860215054
JORSYR,362,0,362,0.0
PRTMOZ,362,0,362,0.0
QATJOR,362,0,362,0.0
MYSCHN,359,354,5,98.60724233983287
ZAFAGO,359,0,359,0.0
BHRBGD,357,0,357,0.0
OMNIND,353,294,59,83.28611898016997
FRASRB,351,0,351,0.0
USAARM,349,0,349,0.0
TZAUGA,347,0,347,0.0
ESPBGR,345,0,345,0.0
GBRLBN,342,0,342,0.0
USAYEM,342,0,342,0.0
CHESRB,334,321,13,96.10778443113772
TZAKEN,330,0,330,0.0
DEUKGZ,329,0,329,0.0
DEULBN,329,0,329,0.0
RWAKEN,323,0,323,0.0
CHEKSV,322,0,322,0.0
BRAPER,321,220,101,68.53582554517133
CANGUY,321,0,321,0.0
CRINIC,320,0,320,0.0
GBRERI,319,0,319,0.0
BHRPAK,317,63,254,19.873817034700316
BRABOL,316,0,316,0.0
SAUJOR,313,0,313,0.0
ESPCHN,312,0,312,0.0
SWELBN,311,0,311,0.0
BRAPRY,308,0,308,0.0
OMNBGD,308,0,308,0.0
SAUEGY,308,0,308,0.0
SGPPAK,308,36,272,11.688311688311687
ZAFLSO,308,0,308,0.0
SAUIND,306,251,55,82.02614379084967
TZARWA,305,0,305,0.0
CANLBN,304,0,304,0.0
OMNLKA,303,263,40,86.79867986798679
QATLKA,301,241,60,80.06644518272425
AREBGD,300,0,300,0.0
BHREGY,300,0,300,0.0
GBRSSD,298,0,298,0.0
ZAFCHN,298,295,3,98.99328859060402
KENRWA,297,0,297,0.0
SAUNPL,296,61,235,20.60810810810811
SAUPAK,295,66,229,22.372881355932204
QATPAK,292,93,199,31.84931506849315
ITAKSV,283,0,283,0.0
CHLPER,281,130,151,46.263345195729535
SWESOM,281,0,281,0.0
FRALBN,277,0,277,0.0
DEUMKD,274,0,274,0.0
DEUKSV,271,0,271,0.0
SAUPHL,266,219,47,82.33082706766918
AREIDN,263,236,27,89.73384030418251
DEUALB,262,0,262,0.0
SAUBGD,261,0,261,0.0
DEUTJK,258,0,258,0.0
USAERI,258,0,258,0.0
ZAFSWZ,255,0,255,0.0
FRADZA,249,0,249,0.0
QATBGD,244,0,244,0.0
SAULKA,239,178,61,74.47698744769873
AREYEM,237,0,237,0.0
INDLKA,236,229,7,97.03389830508475
SAUIDN,236,196,40,83.05084745762711
USAAFG,228,0,228,0.0
AREJOR,227,0,227,0.0
OMNNPL,226,77,149,34.070796460176986
INDBGD,223,0,223,0.0
PRTCPV,217,0,217,0.0
MYSMMR,214,0,214,0.0
BELDZA,208,0,208,0.0
GBRAFG,206,0,206,0.0
USASSD,203,0,203,0.0
CIVMLI,200,0,200,0.0
OMNPAK,198,60,138,30.303030303030305
USASOM,198,0,198,0.0
PAKBGD,196,0,196,0.0
NLDSOM,190,0,190,0.0
INDPAK,187,45,142,24.06417112299465
QATSDN,178,0,178,0.0
OMNJOR,161,0,161,0.0
RUSKGZ,158,0,158,0.0
PAKAFG,154,0,154,0.0
DEUAFG,152,0,152,0.0
DOMHTI,151,0,151,0.0
SAUYEM,151,0,151,0.0
ISRMAR,146,133,13,91.0958904109589
USACUB,145,0,145,0.0
RUSGEO,143,0,143,0.0
ARESDN,142,0,142,0.0
RUSMDA,141,0,141,0.0
AUSSOM,140,0,140,0.0
RUSBLR,139,0,139,0.0
GHANGA,137,0,137,0.0
RUSKAZ,137,80,57,58.3941605839416
SENMLI,132,0,132,0.0
RUSTJK,131,0,131,0.0
POLUKR,120,117,3,97.5
CMRNGA,118,0,118,0.0
RUSAZE,115,0,115,0.0
SAUETH,115,0,115,0.0
SAULBN,115,0,115,0.0
RUSUZB,114,0,114,0.0
ARESSD,91,0,91,0.0
SAUAFG,85,0,85,0.0
AGONAM,84,0,84,0.0
RUSLVA,84,0,84,0.0
RUSEST,82,0,82,0.0
RUSARM,69,0,69,0.0
SAUMMR,69,0,69,0.0
RUSUKR,67,67,0,100.0
RUSLTU,66,0,66,0.0
SAUSDN,64,0,64,0.0
SAUSSD,59,0,59,0.0
NGATGO,42,0,42,0.0
NGABEN,39,0,39,0.0
NGAMLI,39,0,39,0.0
SAUSYR,36,0,36,0.0
AUTXKX,32,0,32,0.0
CHEXKX,22,0,22,0.0
DEUXKX,21,0,21,0.0
ITAXKX,20,0,20,0.0
