period,total_observations,benchmarkable_observations,benchmark_availability_pct
2016_2Q,3905,1513,38.74519846350832
2016_3Q,3958,1477,37.31682668014148
2016_4Q,3932,1472,37.43641912512716
2017_1Q,3954,1490,37.68335862417805
2017_2Q,4093,1459,35.64622526264354
2017_3Q,4174,1587,38.02108289410637
2017_4Q,4185,1540,36.79808841099164
2018_1Q,4217,1543,36.589992885937875
2018_2Q,4270,1392,32.59953161592506
2018_3Q,4423,1535,34.704951390458966
2018_4Q,4637,1665,35.906836316584
2019_1Q,4757,1489,31.30124027748581
2019_2Q,4952,1456,29.40226171243942
2019_3Q,5123,1511,29.49443685340621
2019_4Q,5176,1459,28.187789799072643
2020_1Q,5197,1380,26.55378102751588
2020_2Q,4878,1449,29.704797047970477
2020_3Q,4912,1417,28.84771986970684
2020_4Q,4897,1408,28.75229732489279
2021_1Q,4871,1368,28.084582221309795
2021_2Q,5507,1441,26.1666969311785
2021_3Q,5746,1484,25.826662025757045
2021_4Q,5986,1764,29.46876044102907
2022_1Q,6034,1830,30.328140536957243
2022_2Q,5892,1845,31.313645621181262
2022_3Q,5704,1752,30.715287517531557
2022_4Q,7608,2125,27.931125131440588
2023_1Q,7582,1787,23.568979161171193
2023_2Q,7581,2133,28.13612979817966
2023_3Q,7537,1988,26.3765423908717
2023_4Q,7588,2158,28.439641539272536
2024_1Q,7467,2099,28.11035221641891
2024_2Q,7318,2093,28.600710576660287
2024_3Q,6636,2020,30.440024110910187
2024_4Q,6655,1939,29.135987978963186
2025_1Q,6647,2006,30.179028132992325
