date,source_name,destination_name,firm,corridor,cc1_lcu_code,destination_currency,cc1_lcu_fx_rate,bis_corridor_rate,provider_vs_bis_spread_pct,cc1_fx_margin,cc1_total_cost_pct
2019-09-16,Chile,Peru,Western Union,CHLPER,CLP,PEN,731.85,0.0047017975589404,-15565223.492254475,-3.14,1.49
2019-09-16,Chile,Peru,Ria,CHLPER,CLP,PEN,721.0,0.0047017975589404,-15334460.685817417,-1.61,2.13
2019-09-16,Chile,Peru,Afex,CHLPER,CLP,PEN,721.0,0.0047017975589404,-15334460.685817417,-1.61,1.63
2019-09-16,Chile,Peru,Guinazu Transfer,CHLPER,CLP,PEN,718.0,0.0047017975589404,-15270655.301549109,-1.18,1.37
2019-09-16,Chile,Peru,Argenper,CHLPER,CLP,PEN,716.0,0.0047017975589404,-15228118.378703566,-0.9,2.92
2019-05-08,Chile,Peru,Argenper,CHLPER,CLP,PEN,693.35,0.0048493759967227,-14297615.83949314,-1.16,1.9
2019-05-08,Chile,Peru,Afex,CHLPER,CLP,PEN,685.14,0.0048493759967227,-14128315.7067431,0.03,2.52
2019-05-08,Chile,Peru,Guinazu Transfer,CHLPER,CLP,PEN,679.35,0.0048493759967227,-14008918.901795143,0.88,3.88
2016-05-11,Chile,Peru,Argenper,CHLPER,CLP,PEN,685.0,0.0049173065564087,-13930290.39039039,-1.15,1.85
2016-05-11,Chile,Peru,Afex,CHLPER,CLP,PEN,685.0,0.0049173065564087,-13930290.39039039,-1.15,1.35
