cc1_lcu_code,total_observations,benchmarkable_observations,unavailable_observations,benchmark_availability_pct
EUR,54570,0,54570,0.0
USD,28734,12076,16658,42.02686712605276
GBP,23066,8507,14559,36.88112373189977
AUD,11279,5676,5603,50.32361024913556
CAD,8427,2845,5582,33.76053162454017
NZD,7608,2892,4716,38.01261829652997
SGD,6974,5606,1368,80.38428448523086
ZAR,6554,677,5877,10.329569728410132
MYR,5627,3460,2167,61.48924826728275
JPY,5073,4440,633,87.52217622708457
AED,4862,2173,2689,44.693541752365284
THB,3837,1553,2284,40.474328902788635
SAR,3214,971,2243,30.21157436216553
KWD,3069,1032,2037,33.62658846529814
QAR,2932,1132,1800,38.608458390177354
CHF,2328,1864,464,80.06872852233677
KES,2106,0,2106,0.0
KRW,1883,836,1047,44.39723844928306
SEK,1792,1149,643,64.11830357142857
OMR,1549,694,855,44.8030987734022
NOK,1544,788,756,51.03626943005182
BHD,1509,205,1304,13.58515573227303
RUB,1446,147,1299,10.16597510373444
JOD,1324,0,1324,0.0
INR,1097,345,752,31.449407474931633
TZS,982,0,982,0.0
CZK,973,406,567,41.726618705035975
BRL,945,220,725,23.28042328042328
TRY,415,0,415,0.0
PKR,350,0,350,0.0
CFA,329,0,329,0.0
RWF,323,0,323,0.0
CLP,218,130,88,59.63302752293578
ILS,146,133,13,91.0958904109589
DOP,144,0,144,0.0
GHS,137,0,137,0.0
CRC,125,0,125,0.0
NGN,120,0,120,0.0
PLN,120,117,3,97.5
AOA,84,0,84,0.0
XOF,82,0,82,0.0
CLF,63,0,63,0.0
XAF,39,0,39,0.0
