firm,total_observations,benchmarkable_observations,unavailable_observations,benchmark_availability_pct
Western Union,33679,9577,24102,28.436117461919892
MoneyGram,26285,7095,19190,26.99258132014457
Ria,12107,3225,8882,26.63748244817048
WorldRemit,11512,2644,8868,22.967338429464906
Remitly,8172,2214,5958,27.09251101321586
Small World,7697,1395,6302,18.123944393919707
Wise,3557,1338,2219,37.61596851279168
Azimo,3527,680,2847,19.27984122483697
Xoom,3139,1236,1903,39.37559732398853
Walmart2World,2380,819,1561,34.411764705882355
Xpress Money,2017,707,1310,35.05205751115518
ANZ Bank,1327,466,861,35.11680482290881
Transferwise,1155,474,681,41.03896103896104
Citibank,1119,607,512,54.244861483467375
Westpac,1066,218,848,20.45028142589118
EcoBank Rapid Transfer,1053,0,1053,0.0
Mukuru,960,54,906,5.625
Postbank,958,0,958,0.0
Skrill,833,190,643,22.809123649459785
Al Fardan Exchange,808,436,372,53.960396039603964
ABSA,786,41,745,5.216284987277354
Sigue Money Transfers,777,163,614,20.97812097812098
Lari,769,332,437,43.172951885565666
Banca Intesa SanPaolo,764,0,764,0.0
Al Ansari,712,331,381,46.48876404494382
Poste Italiane via MoneyGram,684,0,684,0.0
Extrabanca,683,0,683,0.0
Dahabshiil,642,0,642,0.0
State Bank of India,634,438,196,69.08517350157729
First National Bank of South Africa,623,6,617,0.9630818619582664
Hello-Paisa,621,86,535,13.848631239935589
UAE Exchange,617,309,308,50.08103727714749
Ezremit,594,249,345,41.91919191919192
Orbit Remit,593,384,209,64.75548060708263
Wells Fargo,557,417,140,74.86535008976661
TransferGo,552,182,370,32.971014492753625
Bahrain Exchange Company,546,145,401,26.55677655677656
Viamericas,537,405,132,75.41899441340783
Aman Exchange,528,138,390,26.136363636363637
Unicredit Banca,526,0,526,0.0
Al Mulla Exchange,522,162,360,31.03448275862069
Commonwealth Bank,522,182,340,34.86590038314176
iRemit,522,486,36,93.10344827586206
Banca Monte dei Paschi di Siena,518,0,518,0.0
Kiwibank,513,145,368,28.26510721247563
Pangea,488,269,219,55.122950819672134
Bangkok Bank,477,230,247,48.21802935010482
Bank of India,477,261,216,54.71698113207547
PNB (Philippines National Bank),475,399,76,84.0
Poste Italiane via Western Union,467,0,467,0.0
Deutsche Bank,460,0,460,0.0
Postbank via Western Union,456,0,456,0.0
Lulu Exchange,451,156,295,34.58980044345898
Xendpay,451,136,315,30.155210643015522
ScotiaBank,439,148,291,33.712984054669704
ATL Money Transfer,429,0,429,0.0
UOB Bank,427,177,250,41.451990632318505
La Poste via Western Union,425,0,425,0.0
Poste Italiane via Eurogiro,424,0,424,0.0
InstaReM,420,343,77,81.66666666666667
Fawri,416,195,221,46.875
La Poste,416,0,416,0.0
Transfer Galaxy,410,0,410,0.0
Krungsri Bank,409,174,235,42.54278728606357
Wall St Exchange,406,203,203,50.0
Bank of Baroda,403,222,181,55.08684863523573
Standard Bank,381,46,335,12.073490813648293
Mama Money,377,44,333,11.671087533156498
Bank of New Zealand,375,138,237,36.8
Attijariwafa Bank,370,0,370,0.0
Go Vianex,366,265,101,72.40437158469946
ACE Money Transfer,363,51,312,14.049586776859504
Japan Post Bank,355,305,50,85.91549295774648
Vigo,354,174,180,49.152542372881356
TeleMoney,351,128,223,36.46723646723647
MoneyTrans,349,35,314,10.028653295128938
Al-Rajhi Bank,345,123,222,35.65217391304348
STC Pay,337,92,245,27.299703264094955
DBS Remit,333,315,18,94.5945945945946
ICICI Bank,333,250,83,75.07507507507508
GoRemit,332,323,9,97.28915662650603
Nedbank,329,35,294,10.638297872340425
Money Exchange,328,0,328,0.0
Seven Bank,326,281,45,86.1963190184049
Royal Bank of Canada,324,63,261,19.444444444444446
Nordea Bank,320,196,124,61.25000000000001
JRF,314,235,79,74.84076433121018
Commerzbank AG,313,0,313,0.0
Tik FX,311,209,102,67.20257234726688
Al Dar Exchange,308,105,203,34.090909090909086
Kyodai,305,275,30,90.1639344262295
Maybank,301,238,63,79.06976744186046
KlickEx Pacific,299,0,299,0.0
GPL Remittance,291,265,26,91.06529209621993
Bahrain Financing Company,289,38,251,13.148788927335639
Rocket Remit,284,95,189,33.45070422535211
Intermex,283,102,181,36.042402826855124
CashMinute,276,25,251,9.057971014492754
E-remit,269,139,130,51.6728624535316
Krungthai Bank,266,58,208,21.804511278195488
Lyca Remit,264,114,150,43.18181818181818
Paysend,261,41,220,15.708812260536398
Rabobank,260,0,260,0.0
SBI remit,260,243,17,93.46153846153847
Brastel Remit,258,206,52,79.84496124031007
Industrial Bank of Korea,258,111,147,43.02325581395349
La Banque Postale via Western Union,258,0,258,0.0
Arab Bank,256,0,256,0.0
Rewire,254,37,217,14.566929133858267
Siam Commercial Bank,252,96,156,38.095238095238095
Unistream,252,22,230,8.73015873015873
Toronto Dominion Bank,248,46,202,18.548387096774192
Opal Transfer,235,147,88,62.5531914893617
RHB Bank,233,134,99,57.5107296137339
SMTJ,232,169,63,72.84482758620689
United Bank for Africa (UBA),232,0,232,0.0
Bank Austria,231,0,231,0.0
ASB Bank,229,83,146,36.24454148471616
KlickEx,228,1,227,0.43859649122807015
Kookmin Bank,225,98,127,43.55555555555555
Ceylon Exchange,223,203,20,91.03139013452915
IME (International Money Express),222,156,66,70.27027027027027
Trans-Fast,220,55,165,25.0
Sikhona Money Transfers,219,29,190,13.24200913242009
Al Muzaini Exchange ,217,67,150,30.87557603686636
Brunphil Express,216,193,23,89.35185185185185
Erste Bank,216,0,216,0.0
Europhil,215,0,215,0.0
Eastern Exchange Co,213,96,117,45.07042253521127
ICICI Bank Money2World,212,83,129,39.15094339622642
Sendwave,211,0,211,0.0
ValYou,211,97,114,45.97156398104265
Commercial Bank,209,109,100,52.15311004784689
GCC Exchange,205,102,103,49.75609756097561
Tempo Money Transfer,203,0,203,0.0
Maccorp Exact Change,198,0,198,0.0
TapTap Send,198,0,198,0.0
Aussie Forex & Finance,195,142,53,72.82051282051282
Kenya Commercial Bank (KCB),195,0,195,0.0
Hai Ha Money Transfer,190,143,47,75.26315789473685
Bank of China,188,154,34,81.91489361702128
DCOM Money Express,186,148,38,79.56989247311827
Banca Intesa SanPaolo via Western Union,185,0,185,0.0
Kasikorn Bank,185,77,108,41.62162162162162
Pay2Home Remittance,184,164,20,89.13043478260869
BKK Forex,180,168,12,93.33333333333333
TMB Bank,180,105,75,58.333333333333336
CIMB Group (Cash Laju),178,132,46,74.15730337078652
GT Bank,178,0,178,0.0
Korea Post Office,178,84,94,47.19101123595505
Merchantrade Money Transfer,178,107,71,60.1123595505618
Shinhan Bank,178,92,86,51.68539325842697
Societe Generale,178,0,178,0.0
Zolotaya Korona,178,13,165,7.303370786516854
DeeMoney,176,49,127,27.84090909090909
Enjaz Bank,176,56,120,31.818181818181817
Contact,175,15,160,8.571428571428571
IMEX Money Transfer,175,0,175,0.0
OMM,175,63,112,36.0
ABC Bank,174,0,174,0.0
KCB Bank,174,0,174,0.0
Prabhu Money Transfer,174,69,105,39.6551724137931
Development Bank of Kenya,173,0,173,0.0
KEB Hana Bank,172,79,93,45.93023255813954
Metro Remittance,172,121,51,70.34883720930233
SpeedSend,170,105,65,61.76470588235294
M-Pesa,169,0,169,0.0
Singtel Dash,169,150,19,88.75739644970415
Metro Bank,165,158,7,95.75757575757575
Woori Bank,163,3,160,1.8404907975460123
La Banque Postale,162,0,162,0.0
Telegiros,160,0,160,0.0
National Australia Bank (NAB),158,14,144,8.860759493670885
ABN AMRO Bank,155,0,155,0.0
ING Bank/Postbank,154,0,154,0.0
National Exchange Company,153,0,153,0.0
Swiss Post,153,96,57,62.745098039215684
Ceska Sporitelna,150,68,82,45.33333333333333
Musandam Exchange,147,69,78,46.93877551020408
Uniteller,147,141,6,95.91836734693877
Ecobank,146,0,146,0.0
MoneyMatch Transfer,146,105,41,71.91780821917808
Unity Monetary Services BV,146,0,146,0.0
Asia Express Exchange,144,72,72,50.0
Delgado Travel,144,137,7,95.13888888888889
Golden Dragon,144,134,10,93.05555555555556
JME,144,108,36,75.0
CSOB,143,67,76,46.85314685314685
Incentive Remit,142,95,47,66.90140845070422
BBVA Dinero Express,140,0,140,0.0
PayTop,140,0,140,0.0
Orange Money,139,0,139,0.0
BOSS Mobile Money,137,117,20,85.40145985401459
Cassava Remit,136,52,84,38.23529411764706
Banco Rendimento,135,25,110,18.51851851851852
DirectRemit (NBD),135,74,61,54.81481481481482
Wave,134,0,134,0.0
Mass Express,132,120,12,90.9090909090909
CAM,131,0,131,0.0
Monisnap,131,0,131,0.0
Banque Populaire,129,0,129,0.0
Ecobank RapidCash,124,0,124,0.0
Max Money,124,92,32,74.19354838709677
Sydney Forex Pty Ltd,123,33,90,26.82926829268293
A-Express Remit,122,111,11,90.98360655737704
Kotak Click2Remit,121,91,30,75.20661157024794
maybank2U,120,96,24,80.0
Indian Overseas Bank,119,115,4,96.63865546218487
Blizko,118,3,115,2.5423728813559325
Stanbic Bank,118,0,118,0.0
Banco do Brasil,117,93,24,79.48717948717949
Exact Change,117,0,117,0.0
PNB Global Remit,115,103,12,89.56521739130436
SBI-Nepal Express Remit,114,20,94,17.543859649122805
Saudi American Bank (SAMBA),114,40,74,35.08771929824561
Suri-Change,114,0,114,0.0
Transfast,114,29,85,25.438596491228072
exchange4free.com,114,26,88,22.807017543859647
Cibao,112,0,112,0.0
M1 Remit,112,79,33,70.53571428571429
UBA Africash,112,0,112,0.0
Amal Express,111,0,111,0.0
Casa de cambio Delgado,109,75,34,68.80733944954129
Alaweneh Exchange,108,0,108,0.0
Arabian Exchange Company,108,68,40,62.96296296296296
Bank of Sydney,108,0,108,0.0
Lulu Now,108,41,67,37.96296296296296
Mustafa Sultan Exchange Co,108,41,67,37.96296296296296
Prime Bank (Prime Exchange Co.),108,35,73,32.407407407407405
CBL Money Transfer,106,69,37,65.09433962264151
Global Exchange Ltd,106,83,23,78.30188679245283
Iftin Express,106,0,106,0.0
Al Saudi Office for Exchange,105,0,105,0.0
Al Hindi and Al Sadat Office for Exchange,104,0,104,0.0
SBI Express,104,67,37,64.42307692307693
money2India (ICICI Bank),104,88,16,84.61538461538461
Ample Transfer,102,58,44,56.86274509803921
B&T Associados Corretora de Cambio,102,28,74,27.450980392156865
BFC Exchange,102,60,42,58.82352941176471
Punjab National Bank,102,53,49,51.9607843137255
Remit2India,101,97,4,96.03960396039604
TSB,101,6,95,5.9405940594059405
Westpac Express Visa Prepaid Card,101,0,101,0.0
QNB,100,0,100,0.0
