source_currency,destination_currency,observations,median_bis_corridor_rate,mean_bis_corridor_rate,minimum_bis_corridor_rate,maximum_bis_corridor_rate,median_provider_vs_bis_spread_pct,mean_provider_vs_bis_spread_pct
AED,IDR,236,3921.2871006126616,3952.8709783007002,3566.193942818244,4457.6450791014295,1.899196144615164,1.9590460909313427
AED,INR,520,20.36550687542546,20.787724185474158,17.469059768550036,23.679445609258,0.6538545636778476,1.0102748745861387
AED,LKR,529,51.19128658951668,60.309581380026536,39.59155888359428,98.90810074880872,0.2035842293906812,0.4022021102905173
AED,NPR,135,29.04833219877468,28.94092731260873,28.019060585432268,30.001361470388023,0.7711893203883552,1.1253244109601508
AED,PHP,611,14.146145949625597,14.356523822055154,12.717270524166098,16.069372089857048,0.4009287489155251,0.6497429766743913
AED,PKR,142,28.711967324710688,30.696296992300983,28.511667801225325,36.092089857045615,0.5614872533404554,0.7976183820558075
AUD,CNY,512,4.804698451085237,4.879890509059098,4.506764143420847,5.362662681510895,1.7218905000446125,13.598052877757546
AUD,IDR,681,10352.427885913065,10258.971456211326,9213.946196206623,11153.52230782098,1.9423100442965144,8.68245995349365
AUD,INR,1257,52.76549979662939,52.300052012820736,47.88124562320812,57.13381869110858,1.182187993806705,1.7517517184133466
AUD,LKR,739,145.7841672620723,160.67793703456542,106.6276211707493,256.18544622095646,1.145232718684924,3.834299707972669
AUD,MYR,615,3.0319830098246308,3.0323532873132484,2.776756964214272,3.38988838630507,2.4941673004453797,8.93943724232131
AUD,PHP,1218,37.12611981585171,37.16801232572716,32.596245470848615,40.906765215535096,1.2978061144367232,1.7830876537469649
AUD,PKR,161,80.86311824394792,83.00577932587528,76.73458589642684,95.22086189306088,1.2409790268170209,1.8050467465109996
AUD,THB,493,23.50050772284356,23.47869763580819,20.86384686738377,26.845451849147864,2.6834357867335186,2.769781353469537
BHD,INR,142,178.3145159574468,177.61111550419537,170.40510372340424,192.6683138297872,1.3808658234303914,1.4791347440841107
BHD,PKR,63,280.3595744680851,292.2068853427896,278.5787234042553,352.53138297872334,0.652811246693803,0.8310087264298007
BRL,PEN,220,0.7676637728728962,0.8064873679437329,0.5828608525615933,1.040571083200672,3.304986939459429,-84.18095125917262
CAD,CNY,426,5.227872617476122,5.197510781999498,4.922379097455286,5.404502764996142,2.8995815397034774,22.654383506433806
CAD,INR,937,58.88099057855782,57.21911591868495,47.22080495693464,62.27912057575483,1.4351392727397894,9.911829914130983
CAD,LKR,362,208.28305103708777,192.39303696338632,110.33514956210036,283.9663981049817,1.7298747155049852,5.351937161605282
CAD,PHP,1021,40.705177796525774,40.35277276337843,35.80618694247165,43.36273559047273,1.1069299310718843,7.293206883185893
CAD,PKR,99,83.22340459956449,85.68311627678521,77.15822161964424,101.18643394993497,1.4881390414937956,1.7435549971341904
CHF,ALL,493,112.9280978178309,112.90936057984425,101.17112714016898,127.04387601888672,8.916845681024444,50.917999649636236
CHF,HUF,473,343.31821167831174,350.7055676193819,262.65260568522245,445.34130635293263,6.288112530848926,28.8268244067997
CHF,LKR,577,327.4341164062614,283.6370128329707,146.4393905868438,391.12981866578656,2.7129155014213806,3.2294594103578684
CHF,RSD,321,112.82943834056812,113.77227940233296,98.743105308124,125.69586784673515,4.368343697275246,38.44999346030035
CLP,PEN,130,0.0048834828686698,0.004842265313538976,0.0041685545990031,0.0054187260509801,0.7682887188192979,-3117986.961400597
CZK,UAH,406,1.2538741831154068,1.3677396193518192,1.0175715708906057,1.8326465226355977,96.33337924166068,5.83240271658622
GBP,ALL,716,136.5856633228649,135.9366488161945,116.79865101011352,175.15567550258268,98.99317570430314,55.6696764075604
GBP,BRL,698,6.250461889728269,6.00084590439763,3.894665292464814,7.735231631086336,2.335266809935954,3.204745277598234
GBP,CNY,578,8.851975806098077,8.839132580404835,8.006328345085699,9.393528341812484,3.2114038247896657,25.072459505985798
GBP,INR,1160,96.30264469184952,96.2878741316455,82.2691939078323,112.3150644605264,0.7312923187431437,0.9370159423275601
GBP,LKR,787,271.76640622214666,305.4889720220672,182.93810511370336,454.58198549356047,0.7940242633620564,1.808480070239645
GBP,NPR,123,141.5285025604966,141.2360726213038,131.8917615119825,153.51041889323452,2.1093476140448018,2.4396345692301336
GBP,PHP,1387,67.8750312269051,68.11234004340815,61.73006205889511,75.17875888764179,0.7845922289711214,2.8513836177681586
GBP,PKR,173,138.4819349577053,145.4044143320821,129.6997330850711,172.22526837152856,1.08457103676666,1.2761327453960436
GBP,PLN,904,5.055846091657824,5.125394846734315,4.697925709388529,5.7566363616870735,1.7540175529636777,9.487213038014353
GBP,RON,715,5.6938535569421465,5.610701876747884,5.111396314614245,6.030896657363602,3.0696158580107435,28.952566932993278
GBP,THB,670,43.456564518542464,43.24875322548518,37.91094604877891,50.94858164226637,2.4604925428044853,6.854462461696631
GBP,ZAR,596,20.45716622997219,20.692482327434366,16.55992188224482,24.46074841000583,3.25573660568248,18.291515004190234
ILS,MAD,133,2.703655973488937,2.699293903127854,2.547418914604779,3.1885964288663864,-233.20836188943775,-155.30773791964157
INR,LKR,229,2.72963107826647,3.1681697842349394,2.173126500214225,4.582565482647434,99.47869544797038,72.58544371615636
INR,NPR,71,1.6031731350102116,1.6043248944809747,1.5944832781520373,1.622372568798163,37.61123659821915,30.036211459190344
INR,PKR,45,1.6352709068631106,1.656300073228011,1.559156338202467,1.867783640163027,38.84805289428961,39.40306110336807
JPY,BRL,623,0.035861288601557,0.03725356783421718,0.027744785337577,0.0552525333836846,2.7912698853684943,-607.1149320277987
JPY,CNY,557,0.0607525545314023,0.05838561430361253,0.0460808108956523,0.0664765534933433,84.89469627289878,48.876710682217016
JPY,IDR,631,124.44375445413826,120.70070016382107,102.11677436390735,139.81963028220605,1.0976799629929748,14.433360756842246
JPY,INR,856,0.613845208944799,0.6184266370654519,0.5300129356027172,0.713019872101074,1.683662231357429,21.121238828543575
JPY,PHP,1328,0.4459016403413061,0.43493450202457623,0.3697916042308378,0.4920734460177887,1.4441404001335938,20.351445675401433
JPY,THB,445,0.2867704920241136,0.27972198026884826,0.2176488938575409,0.3356937292060247,2.048186643008443,-0.36533203763757616
KRW,CNY,836,0.0057924391574743,0.005695751051398444,0.0050313189770805,0.0061043662675097,85.36337468810316,85.01513504171167
KWD,INR,486,264.93547947428203,252.51356337197976,210.79168639053253,282.20550494407524,0.5761070451048385,0.7615444789240883
KWD,PHP,456,179.65155606036024,176.69434683885558,154.2891871267419,191.85943712380023,0.7051544679751284,0.821603082566558
KWD,PKR,90,348.29661436829065,368.7058189826425,344.0259271414506,436.9675720164609,0.5897587373332412,0.7079725057958306
MYR,CNY,354,1.58844599432203,1.5949784912758536,1.4996818158984495,1.7016029883203616,1.5034446105872354,6.742575812012345
MYR,IDR,1061,3418.205267488414,3395.82228137988,3013.7845535193655,3693.2352805384953,2.14248379982921,2.902888194027659
MYR,INR,566,17.585261735959286,17.464734375691627,14.808418267915044,19.65152400060233,0.7631872872804624,1.2061823448503757
MYR,NPR,105,26.331999914751595,25.90480409420607,23.63517245382848,28.259380380685332,1.0169340677335517,6.473069471715072
MYR,PHP,970,12.215903236449536,12.266157540958462,11.240512729715045,13.421113480863458,0.9103175726143565,3.3957223884885246
MYR,THB,404,7.740164095889365,7.738935010247477,7.246337093066357,8.791848279089686,1.8813378668736007,2.7000688954076852
NOK,PKR,107,13.128084416089871,13.700518907065277,12.210399965625108,15.868815375797196,2.527879719591336,5.4395746820993764
NOK,PLN,681,0.4326175086295354,0.42032090997253685,0.3548843204318099,0.4857946790545204,1.8455565602610888,4.562280337353892
NZD,CNY,816,4.4392502489046155,4.465931591207224,4.069007912013916,5.028893505103306,3.459084404132253,32.74574772562023
NZD,INR,1103,49.41520591794407,48.88726999947569,44.19143377366605,53.131994554264864,1.8429669593127564,4.762769619663536
NZD,PHP,973,34.3653967174875,34.39656607088254,30.65493515005786,37.66994201929984,1.9343877125147264,2.017510346804348
OMR,INR,294,190.1241638491547,192.64409347770317,166.8710169050715,226.1710377113134,0.6669075758114059,0.9861410131516765
OMR,LKR,263,472.0416124837451,561.969472971169,378.67360208062416,944.7074122236672,0.790557636422334,0.9381631797468262
OMR,NPR,77,277.1651495448634,278.1747251448162,266.84005201560467,307.75032509752924,1.0053685878475436,1.0837112359619767
OMR,PKR,60,273.45760728218465,287.75880364109236,272.2829648894668,344.68218465539667,0.8072302015546762,0.9920512599227383
PLN,UAH,117,10.384851618858344,10.371605700671044,9.991383968050982,10.740340325553442,3.1577515820352544,34.841432273653744
QAR,INR,326,19.67046428571428,19.853401012944108,17.660766483516483,23.938676098901094,1.6769362461075272,2.26729909397843
QAR,LKR,241,49.60164835164835,56.905008891523416,39.89010989010988,100.27472527472528,0.8797838910634466,1.1433351814354438
QAR,NPR,146,29.3021978021978,29.362957248231222,28.178571428571427,32.387362637362635,2.357796651378756,2.7791252432288505
QAR,PHP,326,14.078075824175825,14.180868594518978,12.83081758241758,16.212848626373628,1.3723788810465276,2.0190378225047074
QAR,PKR,93,28.807362637362637,30.0823342786246,28.75835164835165,36.40942307692307,1.185182923979055,1.9866920415901175
RUB,KZT,80,5.4260673444876755,5.410442399290151,5.146463314209323,5.6565940381401925,-1074.3249286475234,-1067.5862794058544
RUB,UAH,67,0.3831472366484574,0.3947074661046599,0.3597978306208661,0.467276778831067,-14031.493876901552,-10891.772145344263
SAR,IDR,196,3966.594441866667,3937.928820905916,3502.78539983468,4364.533126666666,2.106416336580562,2.3699867211283214
SAR,INR,251,20.211657333333335,20.345651392661246,17.09657067434605,23.326614933333335,1.5522716435669182,1.7119698711963842
SAR,LKR,178,78.06666666666666,67.17046498251919,38.79793077702523,97.33333333333331,0.8496632456703066,1.0028211870426251
SAR,NPR,61,28.44878152828881,28.647415725547003,27.36,31.341333333333335,1.325217714923704,1.5362381005829542
SAR,PHP,219,14.1041064,14.241964755137777,12.45278656179176,15.695558666666669,1.166281927049876,1.2977601672786985
SAR,PKR,66,27.96088312934965,29.073758606642397,27.920937549997337,35.34714666666666,1.844536968568855,2.528675244401634
SEK,CNY,437,0.7199830170735021,0.7185038171761564,0.6421608335897477,0.8199784394841706,3.4936827691539865,23.21230398971352
SEK,INR,712,7.806910788913315,7.874880403531917,7.248867429277287,8.834155590520878,2.416575173231506,9.292288257814509
SGD,CNY,486,4.973676060243167,5.048221358691251,4.65854237743135,5.468364528384671,0.9973290455997438,7.90771086684106
SGD,IDR,1011,10598.586567093103,10725.42429135879,9449.089687269392,12273.403128418697,0.953003956767685,1.8039656932088308
SGD,INR,827,54.92132942017512,55.75914953826327,45.883589405963974,64.80803020132984,0.7918907370578901,2.888586941614625
SGD,LKR,470,148.3879281232782,170.58573975356865,105.88007431690852,270.69314473065117,0.8069277202323921,0.9585839734192075
SGD,MYR,893,3.105890543841149,3.183323598503207,2.925991925622986,3.5677501218654526,1.0489744661065992,2.0690053571444404
SGD,PHP,1238,38.12360370964499,38.62771747474091,33.9878301557208,44.255867342500615,0.803018798077821,2.4953429574080612
SGD,PKR,36,77.57628700280245,81.82305945743867,74.19457771356646,95.93351765295502,3.539067726102614,3.397228663364399
SGD,THB,645,24.764065090037494,24.65041469755778,22.16929757673105,27.23007409433718,1.6773312196749397,2.9474762616267096
THB,CNY,478,0.2044649209136079,0.2064271531634147,0.1843788773505157,0.2332926927524378,2.2578098137868525,-360.8033994111025
THB,IDR,475,440.5258906967144,438.26269083256364,375.7025013174321,486.99201760018224,5.178318480252097,36.88307496074136
THB,INR,600,2.306556320060398,2.256097649778971,1.8756505591300832,2.5782063278172456,5.716595797459002,-34.36010617190192
USD,BRL,904,4.9669306008384,4.5952169478406395,3.1252765486726,5.8089761570827,2.627023359504419,3.6743552937180386
USD,CNY,619,6.892803,6.875819925686592,6.314907,7.304072,2.5939522407365536,41.23749703259743
USD,COP,1146,3822.39,3746.361396160559,2831.99,4994.61,2.231892412813835,7.453482524463025
USD,IDR,689,14539.143017,14706.888914985484,13096.847255,16453.545862,2.7522212137492685,14.576076303932036
USD,INR,1297,75.145515,76.05060504780262,64.220154,87.379695,0.8240283430357431,2.8129921003384237
USD,MXN,1232,19.155901,19.2442205974026,16.550074,24.119908,1.4059355547365375,4.118563811641699
USD,NPR,111,106.66,107.66594594594595,102.55,118.33,1.6504854368932065,1.8940503272278069
USD,PEN,576,3.689,3.5970755208333336,3.242,4.1025,70.47098774545991,50.205714686039094
USD,PHP,1794,52.290294,52.88760391248607,46.502761,59.014769,2.4532215223374174,26.585487038827047
USD,PKR,114,105.4119,111.90733771929824,104.7324,132.6514,1.7525655937882179,5.402270935419992
USD,THB,607,34.354929,33.846039192751235,30.235909,36.855264,4.065965460236714,18.53223584355068
USD,UAH,428,29.2549,32.58726761915888,24.710681,41.7316,96.6660380844624,62.30251108982187
USD,USD,2152,1.0,1.0,1.0,1.0,0.0,0.0
USD,ZAR,407,16.799581,16.49871454054054,11.818756,19.46121,3.4013282607377295,3.275539836861339
ZAR,CNY,295,0.4178368282071435,0.4306441188592251,0.3592378890691182,0.5443488324025381,5.210782864870957,-39.41461150202618
ZAR,INR,382,4.71082358326494,4.7287623338024005,4.110773604001939,5.483870862568422,2.448298866494991,16.616804730941478
