extreme_set,id,date,source_code,source_name,destination_code,destination_name,firm,cc1_lcu_code,destination_currency,source_bis_rate_per_usd,destination_bis_rate_per_usd,bis_corridor_rate,cc1_lcu_fx_rate,inter_lcu_bank_fx,cc1_fx_margin,provider_vs_bis_spread_pct,corridor,source_bis_reference_areas,source_bis_actual_series_count,source_bis_distinct_rate_count,source_bis_rate_candidates,destination_bis_reference_areas,destination_bis_actual_series_count,destination_bis_distinct_rate_count,destination_bis_rate_candidates,orientation_recalculated,orientation_difference,interbank_abs_difference,interbank_pct_difference,interbank_abs_pct_difference
20_smallest_bis_corridor_rate,11031338,2022-08-24,CHL,Chile,PER,Peru,Argenper,CLP,PEN,926.94,3.864,0.0041685545990031,0.0041,0.0042,1.79,1.644565217391288,CHLPER,CL,1,1,926.94,PE,1,1,3.864,0.004168554599003171,-7.112366251504909e-17,3.1445400996899485e-05,-0.7487000237357021,0.7487000237357021
20_smallest_bis_corridor_rate,11031339,2022-08-24,CHL,Chile,PER,Peru,Western Union,CLP,PEN,926.94,3.864,0.0041685545990031,0.0041,0.0042,2.23,1.644565217391288,CHLPER,CL,1,1,926.94,PE,1,1,3.864,0.004168554599003171,-7.112366251504909e-17,3.1445400996899485e-05,-0.7487000237357021,0.7487000237357021
20_smallest_bis_corridor_rate,11034965,2022-08-24,CHL,Chile,PER,Peru,Ria,CLP,PEN,926.94,3.864,0.0041685545990031,0.0041,0.0042,3.68,1.644565217391288,CHLPER,CL,1,1,926.94,PE,1,1,3.864,0.004168554599003171,-7.112366251504909e-17,3.1445400996899485e-05,-0.7487000237357021,0.7487000237357021
20_smallest_bis_corridor_rate,630200874,2020-05-14,CHL,Chile,PER,Peru,Afex,CLP,PEN,820.38,3.4525,0.0042084156122772,0.00395,0.00417,5.28,6.140448950036203,CHLPER,CL,1,1,820.38,PE,1,1,3.4525,0.004208415612277238,-3.729655473350135e-17,3.841561227720027e-05,0.9212377044892152,0.9212377044892152
20_smallest_bis_corridor_rate,630200875,2020-05-14,CHL,Chile,PER,Peru,Argenper,CLP,PEN,820.38,3.4525,0.0042084156122772,0.0041425,0.00417,0.66,1.5662809558291075,CHLPER,CL,1,1,820.38,PE,1,1,3.4525,0.004208415612277238,-3.729655473350135e-17,3.841561227720027e-05,0.9212377044892152,0.9212377044892152
20_smallest_bis_corridor_rate,630200876,2020-05-14,CHL,Chile,PER,Peru,Guinazu Transfer,CLP,PEN,820.38,3.4525,0.0042084156122772,0.003954,0.00417,5.18,6.045401303403336,CHLPER,CL,1,1,820.38,PE,1,1,3.4525,0.004208415612277238,-3.729655473350135e-17,3.841561227720027e-05,0.9212377044892152,0.9212377044892152
20_smallest_bis_corridor_rate,630200877,2020-05-14,CHL,Chile,PER,Peru,MoneyGram,CLP,PEN,820.38,3.4525,0.0042084156122772,0.0040765,0.00417,2.24,3.134567125271543,CHLPER,CL,1,1,820.38,PE,1,1,3.4525,0.004208415612277238,-3.729655473350135e-17,3.841561227720027e-05,0.9212377044892152,0.9212377044892152
20_smallest_bis_corridor_rate,630200878,2020-05-14,CHL,Chile,PER,Peru,MORE Money Transfer,CLP,PEN,820.38,3.4525,0.0042084156122772,1.0,1.0,0.0,-23661.91165821868,CHLPER,CL,1,1,820.38,PE,1,1,3.4525,0.004208415612277238,-3.729655473350135e-17,0.9957915843877228,-99.57915843877228,99.57915843877228
20_smallest_bis_corridor_rate,630200879,2020-05-14,CHL,Chile,PER,Peru,Ria,CLP,PEN,820.38,3.4525,0.0042084156122772,0.004048,0.00417,2.93,3.811781607530772,CHLPER,CL,1,1,820.38,PE,1,1,3.4525,0.004208415612277238,-3.729655473350135e-17,3.841561227720027e-05,0.9212377044892152,0.9212377044892152
20_smallest_bis_corridor_rate,630200880,2020-05-14,CHL,Chile,PER,Peru,Western Union,CLP,PEN,820.38,3.4525,0.0042084156122772,0.00397,0.00417,4.8,5.665210716871848,CHLPER,CL,1,1,820.38,PE,1,1,3.4525,0.004208415612277238,-3.729655473350135e-17,3.841561227720027e-05,0.9212377044892152,0.9212377044892152
20_smallest_bis_corridor_rate,3241245,2022-11-28,CHL,Chile,PER,Peru,Argenper,CLP,PEN,915.81,3.856,0.0042104803398084,0.0041,0.0042,2.57,2.6239367219916936,CHLPER,CL,1,1,915.81,PE,1,1,3.856,0.004210480339808476,-7.546047120499111e-17,1.048033980840038e-05,0.24953190020000904,0.24953190020000904
20_smallest_bis_corridor_rate,3241246,2022-11-28,CHL,Chile,PER,Peru,Western Union,CLP,PEN,915.81,3.856,0.0042104803398084,0.0041,0.0042,3.29,2.6239367219916936,CHLPER,CL,1,1,915.81,PE,1,1,3.856,0.004210480339808476,-7.546047120499111e-17,1.048033980840038e-05,0.24953190020000904,0.24953190020000904
20_smallest_bis_corridor_rate,3241247,2022-11-28,CHL,Chile,PER,Peru,Afex,CLP,PEN,915.81,3.856,0.0042104803398084,0.004,0.0042,4.86,4.998962655601658,CHLPER,CL,1,1,915.81,PE,1,1,3.856,0.004210480339808476,-7.546047120499111e-17,1.048033980840038e-05,0.24953190020000904,0.24953190020000904
20_smallest_bis_corridor_rate,3241248,2022-11-28,CHL,Chile,PER,Peru,MORE Money Transfer,CLP,PEN,915.81,3.856,0.0042104803398084,0.004,0.0042,5.75,4.998962655601658,CHLPER,CL,1,1,915.81,PE,1,1,3.856,0.004210480339808476,-7.546047120499111e-17,1.048033980840038e-05,0.24953190020000904,0.24953190020000904
20_smallest_bis_corridor_rate,3241249,2022-11-28,CHL,Chile,PER,Peru,Guinazu Transfer,CLP,PEN,915.81,3.856,0.0042104803398084,0.004,0.0042,4.06,4.998962655601658,CHLPER,CL,1,1,915.81,PE,1,1,3.856,0.004210480339808476,-7.546047120499111e-17,1.048033980840038e-05,0.24953190020000904,0.24953190020000904
20_smallest_bis_corridor_rate,3241251,2022-11-28,CHL,Chile,PER,Peru,Ria,CLP,PEN,915.81,3.856,0.0042104803398084,0.0042,0.0042,1.24,0.2489107883817494,CHLPER,CL,1,1,915.81,PE,1,1,3.856,0.004210480339808476,-7.546047120499111e-17,1.048033980840038e-05,0.24953190020000904,0.24953190020000904
20_smallest_bis_corridor_rate,3241250,2022-11-30,CHL,Chile,PER,Peru,MoneyGram,CLP,PEN,905.7,3.8515,0.0042525118692723,0.0042,0.0043,1.04,1.2348435674412703,CHLPER,CL,1,1,905.7,PE,1,1,3.8515,0.004252511869272386,-8.673617379884035e-17,4.748813072770041e-05,-1.104375133202335,1.104375133202335
20_smallest_bis_corridor_rate,8091431,2022-05-30,CHL,Chile,PER,Peru,Western Union,CLP,PEN,822.25,3.674,0.0044682274247491,0.0043,0.0045,2.5,3.764970059880237,CHLPER,CL,1,1,822.25,PE,1,1,3.674,0.004468227424749164,-6.418476861114186e-17,3.177257525090009e-05,-0.7060572277977798,0.7060572277977798
20_smallest_bis_corridor_rate,8091433,2022-05-30,CHL,Chile,PER,Peru,MORE Money Transfer,CLP,PEN,822.25,3.674,0.0044682274247491,0.0043,0.0044,2.92,3.764970059880237,CHLPER,CL,1,1,822.25,PE,1,1,3.674,0.004468227424749164,-6.418476861114186e-17,6.82274247490993e-05,1.550623289752257,1.550623289752257
20_smallest_bis_corridor_rate,8091434,2022-05-30,CHL,Chile,PER,Peru,Guinazu Transfer,CLP,PEN,822.25,3.674,0.0044682274247491,0.0042,0.0044,5.58,6.002994011976051,CHLPER,CL,1,1,822.25,PE,1,1,3.674,0.004468227424749164,-6.418476861114186e-17,6.82274247490993e-05,1.550623289752257,1.550623289752257
20_largest_bis_corridor_rate,521250353,2025-02-27,USA,United States,IDN,Indonesia,Wise,USD,IDR,1.0,16453.545862,16453.545862,16450.0,16450.0,0.0,0.0215507467492968,USAIDN,US,1,1,1,ID,1,1,16453.545862,16453.545862,0.0,3.5458619999990333,0.021555392097258562,0.021555392097258562
20_largest_bis_corridor_rate,521254645,2025-02-18,USA,United States,IDN,Indonesia,WorldRemit,USD,IDR,1.0,16337.302575,16337.302575,15378.44434,16275.0,5.510000000000001,5.8691343359661055,USAIDN,US,1,1,1,ID,1,1,16337.302575,16337.302575,0.0,62.302574999999706,0.3828115207373254,0.3828115207373254
20_largest_bis_corridor_rate,521252576,2025-02-20,USA,United States,IDN,Indonesia,MoneyGram,USD,IDR,1.0,16290.14651,16290.14651,15845.045,16330.0,2.97,2.732335830907149,USAIDN,US,1,1,1,ID,1,1,16290.14651,16290.14651,0.0,39.85348999999951,-0.24405076546233626,0.24405076546233626
20_largest_bis_corridor_rate,521252579,2025-02-20,USA,United States,IDN,Indonesia,MoneyGram,USD,IDR,1.0,16290.14651,16290.14651,16030.814,16330.0,1.83,1.5919593469635416,USAIDN,US,1,1,1,ID,1,1,16290.14651,16290.14651,0.0,39.85348999999951,-0.24405076546233626,0.24405076546233626
20_largest_bis_corridor_rate,521252580,2025-02-20,USA,United States,IDN,Indonesia,MoneyGram,USD,IDR,1.0,16290.14651,16290.14651,16030.814,16330.0,1.83,1.5919593469635416,USAIDN,US,1,1,1,ID,1,1,16290.14651,16290.14651,0.0,39.85348999999951,-0.24405076546233626,0.24405076546233626
20_largest_bis_corridor_rate,521252583,2025-02-20,USA,United States,IDN,Indonesia,Western Union,USD,IDR,1.0,16290.14651,16290.14651,14685.4932,16330.0,10.07,9.850453518112648,USAIDN,US,1,1,1,ID,1,1,16290.14651,16290.14651,0.0,39.85348999999951,-0.24405076546233626,0.24405076546233626
20_largest_bis_corridor_rate,521252584,2025-02-20,USA,United States,IDN,Indonesia,Western Union,USD,IDR,1.0,16290.14651,16290.14651,15850.4639,16330.0,2.94,2.699070936716822,USAIDN,US,1,1,1,ID,1,1,16290.14651,16290.14651,0.0,39.85348999999951,-0.24405076546233626,0.24405076546233626
20_largest_bis_corridor_rate,521252585,2025-02-20,USA,United States,IDN,Indonesia,Western Union,USD,IDR,1.0,16290.14651,16290.14651,15850.4639,16330.0,2.94,2.699070936716822,USAIDN,US,1,1,1,ID,1,1,16290.14651,16290.14651,0.0,39.85348999999951,-0.24405076546233626,0.24405076546233626
20_largest_bis_corridor_rate,521252857,2025-02-20,USA,United States,IDN,Indonesia,Western Union,USD,IDR,1.0,16290.14651,16290.14651,15850.4639,16330.0,2.94,2.699070936716822,USAIDN,US,1,1,1,ID,1,1,16290.14651,16290.14651,0.0,39.85348999999951,-0.24405076546233626,0.24405076546233626
20_largest_bis_corridor_rate,521253236,2025-02-20,USA,United States,IDN,Indonesia,Ria,USD,IDR,1.0,16290.14651,16290.14651,16005.03,16330.0,1.99,1.750239077499861,USAIDN,US,1,1,1,ID,1,1,16290.14651,16290.14651,0.0,39.85348999999951,-0.24405076546233626,0.24405076546233626
20_largest_bis_corridor_rate,521253237,2025-02-20,USA,United States,IDN,Indonesia,Ria,USD,IDR,1.0,16290.14651,16290.14651,16005.03,16330.0,1.99,1.750239077499861,USAIDN,US,1,1,1,ID,1,1,16290.14651,16290.14651,0.0,39.85348999999951,-0.24405076546233626,0.24405076546233626
20_largest_bis_corridor_rate,521253238,2025-02-20,USA,United States,IDN,Indonesia,Ria,USD,IDR,1.0,16290.14651,16290.14651,16005.03,16330.0,1.99,1.750239077499861,USAIDN,US,1,1,1,ID,1,1,16290.14651,16290.14651,0.0,39.85348999999951,-0.24405076546233626,0.24405076546233626
20_largest_bis_corridor_rate,521253364,2025-02-20,USA,United States,IDN,Indonesia,Ria,USD,IDR,1.0,16290.14651,16290.14651,16005.03,16330.0,1.99,1.750239077499861,USAIDN,US,1,1,1,ID,1,1,16290.14651,16290.14651,0.0,39.85348999999951,-0.24405076546233626,0.24405076546233626
20_largest_bis_corridor_rate,521254646,2025-02-20,USA,United States,IDN,Indonesia,WorldRemit,USD,IDR,1.0,16290.14651,16290.14651,15426.1142,16330.0,5.54,5.30401804225394,USAIDN,US,1,1,1,ID,1,1,16290.14651,16290.14651,0.0,39.85348999999951,-0.24405076546233626,0.24405076546233626
20_largest_bis_corridor_rate,521254647,2025-02-20,USA,United States,IDN,Indonesia,WorldRemit,USD,IDR,1.0,16290.14651,16290.14651,15426.1142,16330.0,5.54,5.30401804225394,USAIDN,US,1,1,1,ID,1,1,16290.14651,16290.14651,0.0,39.85348999999951,-0.24405076546233626,0.24405076546233626
20_largest_bis_corridor_rate,521254941,2025-02-20,USA,United States,IDN,Indonesia,Walmart2World,USD,IDR,1.0,16290.14651,16290.14651,16030.814,16330.0,1.83,1.5919593469635416,USAIDN,US,1,1,1,ID,1,1,16290.14651,16290.14651,0.0,39.85348999999951,-0.24405076546233626,0.24405076546233626
20_largest_bis_corridor_rate,521254943,2025-02-20,USA,United States,IDN,Indonesia,Walmart2World,USD,IDR,1.0,16290.14651,16290.14651,16030.814,16330.0,1.83,1.5919593469635416,USAIDN,US,1,1,1,ID,1,1,16290.14651,16290.14651,0.0,39.85348999999951,-0.24405076546233626,0.24405076546233626
20_largest_bis_corridor_rate,521255476,2025-02-20,USA,United States,IDN,Indonesia,Xoom,USD,IDR,1.0,16290.14651,16290.14651,15835.2286,16330.0,3.03,2.792595571321231,USAIDN,US,1,1,1,ID,1,1,16290.14651,16290.14651,0.0,39.85348999999951,-0.24405076546233626,0.24405076546233626
20_largest_bis_corridor_rate,521255477,2025-02-20,USA,United States,IDN,Indonesia,Xoom,USD,IDR,1.0,16290.14651,16290.14651,15835.2286,16330.0,3.03,2.792595571321231,USAIDN,US,1,1,1,ID,1,1,16290.14651,16290.14651,0.0,39.85348999999951,-0.24405076546233626,0.24405076546233626
20_largest_bis_corridor_rate,521255478,2025-02-20,USA,United States,IDN,Indonesia,Xoom,USD,IDR,1.0,16290.14651,16290.14651,15835.2286,16330.0,3.03,2.792595571321231,USAIDN,US,1,1,1,ID,1,1,16290.14651,16290.14651,0.0,39.85348999999951,-0.24405076546233626,0.24405076546233626
