firm,corridor,observations,median_spread,mean_spread,median_rpw_fx_margin,median_total_cost
A-Express Remit,SGPIDN,47,0.9428388365222221,1.0030806544134991,0.92,3.67
A-Express Remit,SGPPHL,64,0.8592130576128872,0.9320009406774642,0.88,2.73
ABSA,ZAFCHN,36,4.769593195652078,4.95556995970007,4.765000000000001,32.315
ACE Money Transfer,NORPOL,42,0.9634121970459317,1.3245437115307674,1.13,2.74
ANZ Bank,AUSIND,65,4.141681110689167,4.294379267850878,4.03,12.74
ANZ Bank,AUSLKA,49,4.268712734442299,4.475229118773198,4.31,14.43
ANZ Bank,AUSMYS,24,5.058993624649018,4.83132585985805,4.65,16.485
ANZ Bank,AUSTHA,69,3.8034504987642963,3.916203122692759,3.66,12.45
ANZ Bank,NZLIND,78,2.563684205308771,2.554823524971191,2.52,13.04
ANZ Bank,NZLPHL,76,2.057570539986905,2.1342558395014803,2.025,12.434999999999999
ASB Bank,NZLIND,63,2.762786998280544,2.683383895482692,2.69,8.76
Akbar Money Changer,MYSIDN,21,3.004362200978737,2.8525813433397484,2.75,4.41
Akbar Money Changer,MYSPHL,23,0.6880949401133666,0.7666237119007377,0.72,2.73
Al Ansari,AREIDN,32,2.0870373721873867,2.1597412180313253,2.085,5.205
Al Ansari,AREIND,70,0.7939879538245848,0.8026213819038501,0.775,3.04
Al Ansari,ARELKA,84,0.1782710232054474,0.05097495597194251,0.215,2.57
Al Ansari,AREPHL,111,0.37870122047154836,0.4062958827126617,0.37,3.26
Al Dar Exchange,QATIND,28,1.651101314407566,1.5949132125573116,1.52,3.88
Al Dar Exchange,QATLKA,25,0.6930479397260322,1.061828551664335,0.68,3.4
Al Dar Exchange,QATPHL,27,1.4543546108461385,1.487827602855693,1.2,3.85
Al Fardan Exchange,AREIDN,33,1.997099598340541,3.00831181643729,1.93,4.98
Al Fardan Exchange,AREIND,136,0.6530611735545017,0.9398281684015395,0.63,2.96
Al Fardan Exchange,ARELKA,100,0.07913241380413856,0.5811858358360142,0.18,2.415
Al Fardan Exchange,AREPHL,113,0.4012763428264581,0.5148093986984447,0.45,3.29
Al Mulla Exchange,KWTIND,76,0.3703125731121872,0.5223758455332119,0.36,2.19
Al Mulla Exchange,KWTPHL,74,0.8149218181818088,0.8082032223044291,0.8,2.67
Al Muzaini Exchange ,KWTIND,31,0.4908573047874243,0.5968113474255855,0.39,2.13
Al Muzaini Exchange ,KWTPHL,28,0.6495596864788358,0.837581705964708,0.63,2.22
Al-Rajhi Bank,MYSIDN,37,3.5156191379593524,4.2253443947611995,3.85,7.83
Al-Rajhi Bank,MYSPHL,40,2.0636329169173164,1.6811030087182668,2.1,5.225
Al-Rajhi Bank,SAUIND,28,1.2084189893297639,1.3317198460900244,1.21,4.07
All Best Enterprise,SGPIDN,33,1.0724729319745523,1.1206950753437963,0.91,4.75
All Best Enterprise,SGPMYS,32,0.9818252548799704,1.43173898715718,1.0150000000000001,4.865
Alpha Transfers,GBRBRA,68,2.3903956042749126,2.562642575784437,2.3,4.695
Aman Exchange,KWTIND,68,0.4242771445186526,0.5311111122216704,0.35,2.11
Aman Exchange,KWTPHL,58,0.5082448901590745,0.6570142226871966,0.59,2.35
Ameer Tech Remittance,SGPIND,26,0.7587303198341319,0.9896296820360058,0.88,3.51
Ameer Tech Remittance (MoneyGram),SGPLKA,32,0.7404029674537232,0.7055561370026454,0.6950000000000001,3.5700000000000003
Ample Transfer,SGPIND,30,0.6583169390246519,0.7055625965618798,0.64,2.51
Ample Transfer,SGPLKA,23,1.505611486486486,1.393811856495862,1.64,3.84
Arabian Exchange Company,QATIND,28,1.147858946526278,1.5848161363684539,0.94,4.09
Arabian Exchange Company,QATPHL,25,1.3435372730691257,1.579011167810325,1.45,4.6
ArcaPay,GBRPOL,55,1.7127693416894032,1.6027046289443065,1.66,1.66
Asia Express Exchange,OMNIND,30,0.6294434596420373,0.8386270820789542,0.6699999999999999,3.9450000000000003
Asia Express Exchange,OMNLKA,30,0.6701199411640939,0.768410198129419,0.705,3.87
Aussie Forex & Finance,AUSIDN,29,0.8861081403354956,0.8860682387518058,0.8,3.3
Aussie Forex & Finance,AUSIND,31,0.79497424148874,0.7562436037903593,0.76,3.19
Aussie Forex & Finance,AUSLKA,28,0.6016326203363149,0.6606818257132793,0.81,3.3099999999999996
Aussie Forex & Finance,AUSPHL,33,0.645890945144226,0.7274375521406019,0.84,3.34
Azimo,CANPHL,21,2.148145118676458,3.2876239796065287,2.03,3.04
Azimo,CHEHUN,24,2.4480345969485415,2.4862236914398066,2.6950000000000003,3.935
Azimo,GBRBRA,25,1.765249283598253,2.1121103030544663,1.58,2.96
Azimo,GBRIND,25,0.9192051245518036,1.0021546325892785,0.82,2.19
Azimo,GBRLKA,50,0.5561872528831591,0.49938499884438564,0.64,3.025
Azimo,GBRPHL,72,0.9683297053465492,1.1839957569730744,0.87,2.965
Azimo,GBRPOL,26,0.6751303508472651,1.5145085166279064,0.6799999999999999,2.235
Azimo,GBRROU,25,1.7717233408494564,1.9259126742090769,1.61,3.9
Azimo,GBRTHA,26,1.31361413535654,1.2761303440996732,1.2149999999999999,2.385
Azimo,GBRZAF,22,1.3715149843507022,1.4358903923912747,1.49,3.98
Azimo,NORPOL,22,0.6079437562286816,0.56469628241136,0.505,1.31
BFC Exchange,GBRIND,20,0.791821967175079,0.7743241744516444,0.69,4.495
BIIECO,BHRIND,20,1.1571965447485373,1.2160937750189462,1.055,2.39
BKK Forex,SGPCHN,34,0.45660306772336956,0.6997983268549423,0.5800000000000001,5.7
BKK Forex,SGPIDN,44,0.8520173561817543,1.030075371037244,0.81,3.85
BKK Forex,SGPMYS,52,1.5237897618264635,1.5485640288912779,1.4649999999999999,3.84
BKK Forex,SGPTHA,32,1.2850371434054693,1.6782594378713767,1.35,4.885
BM Express,AUSPHL,38,0.5814682467653951,0.9883545416248644,0.86,5.795
BNI (Bank Negara Indonesia),SGPIDN,54,1.1597452455724495,1.189715893330385,0.885,4.405
BNI Tokyo,JPNIDN,32,3.6413201244814157,3.5866954256248764,3.705,15.105
BOSS Mobile Money,SGPIDN,39,0.2415034384137732,0.6238304174813875,0.28,2.23
BOSS Mobile Money,SGPIND,39,0.30222559783481084,0.2869910609846637,0.33,1.55
BOSS Mobile Money,SGPPHL,37,0.3242183257028199,0.39310842323282214,0.27,1.74
Bahrain Exchange Company,KWTIND,68,0.7337661083821596,0.8501081916635574,0.735,2.31
Bahrain Exchange Company,KWTPHL,63,0.7144858217398555,0.7704090165480246,0.61,2.5
Bahrain Financing Company,BHRIND,20,1.3987634216725375,1.4045476611426877,1.19,2.52
Banco do Brasil,JPNBRA,76,5.731909510155663,5.250155806821028,5.3,11.530000000000001
Bangkok Bank,GBRTHA,34,2.040412938677009,2.068703359023372,2.065,14.82
Bangkok Bank,JPNTHA,34,2.223428232325784,1.7001536245620792,2.13,22.79
Bangkok Bank,THACHN,29,1.4734138414308293,1.5412018196122654,1.53,17.52
Bangkok Bank,THAIDN,42,2.620515119592175,3.011239531153989,2.56,18.439999999999998
Bank Muscat,OMNIND,29,0.7411808265848548,0.9006146267504825,0.66,2.28
Bank of Baroda,AUSIND,80,0.9436614398879603,1.0737595582575403,0.91,3.24
Bank of Baroda,NZLIND,66,1.5012184486519409,1.3572594338495572,1.6349999999999998,4.83
Bank of China,AUSCHN,34,0.9790679032574382,1.6308324573421027,0.8500000000000001,14.855
Bank of China,CANCHN,50,1.4929689872121703,1.5235068993182606,1.4249999999999998,11.17
Bank of China,MYSCHN,35,1.2161979392617213,0.5502497798809535,1.1,6.25
Bank of India,JPNIND,66,1.7690910481669344,1.9293679601017169,1.895,13.045
Bank of India,NZLIND,62,1.77383044129653,1.7137613532382692,1.73,5.18
Bank of India,SGPIND,34,1.036233405417125,1.1785856253903848,1.04,2.965
Bank of New Zealand,NZLIND,41,2.082038521710999,2.0847271782265793,2.05,7.86
Bank of New Zealand,NZLPHL,43,2.6454409395020955,2.4817219332748324,2.38,8.32
BigPay,SGPMYS,25,0.4663704144042856,0.4802276289091505,0.49,0.87
Brastel Remit,JPNBRA,31,2.2707953439828907,2.2629893333226345,2.05,7.23
Brastel Remit,JPNIDN,37,0.956363229189861,1.012695756771383,0.79,5.58
Brastel Remit,JPNIND,31,1.0295424516844969,1.0814091309752976,0.98,5.59
Brastel Remit,JPNPHL,38,0.8222517803901206,0.9336764022209326,0.87,5.54
Brastel Remit,JPNTHA,40,1.6133562670848074,1.474453252280566,1.38,6.6
Brunphil Express,SGPIDN,66,0.99056001329469,1.0450951779642383,0.87,3.790000000000001
Brunphil Express,SGPMYS,33,1.7074285714285795,1.876759483287498,1.82,5.37
Brunphil Express,SGPPHL,92,0.902821732180703,0.8189331293287908,0.78,2.54
CBL Money Transfer,MYSIDN,34,1.9359995661296714,1.9684573024991958,2.02,4.0
CBL Money Transfer,MYSPHL,34,0.8565770052184258,0.8795205542060143,0.92,2.59
CIMB Group (Cash Laju),MYSIDN,88,6.42052937706147,6.0929555742091255,6.415,9.39
CIMB Group (Cash Laju),MYSPHL,43,4.4752583179759196,3.9646554896754678,4.55,6.25
Casa de cambio Delgado,USACOL,28,0.73805921497721,0.9627394400790629,0.7250000000000001,4.1
Cassava Remit,GBRZAF,50,3.2973605436074305,2.8430391016176615,3.145,3.9850000000000003
Ceylon Exchange,AUSCHN,26,2.9565606326570895,2.9317498451498696,2.98,10.455
Ceylon Exchange,AUSIND,30,0.38523670047956593,0.503568435988917,0.435,5.435
Ceylon Exchange,AUSLKA,77,0.6800649787835886,0.4688773994024011,0.72,5.02
Ceylon Exchange,AUSPHL,53,2.9392629177239304,2.934963305237395,3.23,9.47
Citibank,AUSIND,30,2.249243430772656,2.068320902929281,1.95,2.035
Citibank,AUSTHA,31,2.0545363216495454,2.1972032221499984,1.99,2.55
Citilink Finance,AUSPAK,20,0.6813396267886165,0.6886473874244903,0.8600000000000001,0.8600000000000001
Commercial Bank,QATIND,39,1.643925179379392,1.6368192212000008,1.45,3.11
Commercial Bank,QATPHL,36,2.0304187839148504,1.9736838523719886,2.185,3.65
Commonwealth Bank,AUSIDN,28,5.4614501518471155,5.482267339129635,5.37,8.045
Commonwealth Bank,AUSIND,70,4.7779549660892915,4.643027081980338,4.72,13.525
Commonwealth Bank,AUSPHL,28,5.697293705956362,5.729575239887694,5.755,8.385
Commonwealth Bank,AUSTHA,28,5.036720540245183,5.027008697587411,5.095000000000001,8.02
DBS Remit,SGPCHN,51,0.864803922610258,0.8418040508890382,0.86,0.86
DBS Remit,SGPIDN,53,1.4012743224538966,1.5049378944134035,1.49,1.49
DBS Remit,SGPIND,52,0.980761018523901,0.9510439642158611,0.995,0.995
DBS Remit,SGPMYS,49,1.2910719167957634,1.255132062974601,1.3,2.33
DBS Remit,SGPPHL,54,1.2729856650546447,1.855337851753788,1.16,1.16
DBS Remit,SGPTHA,52,1.3443001531161969,1.2681487658915591,1.5350000000000001,1.5350000000000001
DCOM Money Express,JPNIDN,38,0.4474898393326726,0.5052194811143986,0.425,2.91
DCOM Money Express,JPNPHL,75,0.18579096791368419,0.3464885059044957,0.22,4.24
DNB Bank,NORPOL,33,0.8324543689980726,0.6884505871204449,0.8,3.46
DP International Finance Limited,NZLCHN,26,-0.369021916756483,-0.3479270388467182,-0.28,4.91
DeeMoney,THAIDN,21,4.016311202216092,3.9328982021737136,4.08,6.84
DeeMoney,THAIND,20,0.8889847633111523,1.2129052652052392,1.02,3.835
Delgado Travel,USAMEX,69,1.684630279476543,2.0192926699414446,2.0,5.02
DirectRemit (NBD),AREIND,24,0.8443572677264088,0.9956261821440194,0.785,0.785
DirectRemit (NBD),AREPHL,26,0.9010882626208893,0.9493284060599306,0.94,0.94
Doha Bank,QATIND,39,1.9988816830446283,1.902249951335213,1.84,3.53
Doha Bank,QATLKA,38,0.5631851427532295,0.27294937440363576,0.7,2.67
E-remit,MYSIDN,46,1.9904860237620259,2.1572576425280974,2.21,4.03
E-remit,MYSIND,34,0.4600931976380839,0.6317884971104942,0.5700000000000001,2.545
E-remit,MYSPHL,45,0.5019294825261279,0.4295092464165532,0.55,2.62
EZ Money,MYSIDN,45,1.4216853765700437,1.9994844851350548,1.61,4.51
EZ Money,MYSPHL,44,1.5064038564717745,1.6662869536904943,1.5699999999999998,3.95
East Asia Forex,SGPTHA,37,1.4054433959064083,1.6227415629903297,1.34,5.1
Eastern Exchange Co,QATIND,28,0.7191033544484017,0.747246615156992,0.55,3.3
Eastern Exchange Co,QATLKA,25,0.3353075170842779,0.2810094567043719,0.42,3.16
Eastern Exchange Co,QATPHL,26,0.583783883025045,0.6627613604033041,0.44999999999999996,3.085
Enjaz Easy,SAUIDN,27,1.646854378009451,1.7440550655374905,1.47,3.68
"Esary Trading PTE, Ltd",SGPTHA,26,1.2907417899337912,1.456911230904915,1.295,5.109999999999999
ExpressLinks UK,GBRZAF,32,1.593328784245069,2.886134332313593,1.635,5.475
Ezremit,GBRIND,26,0.6980564160137982,0.7350140009126428,0.64,4.82
Ezremit,OMNLKA,20,0.6925881046195861,0.8172880451352382,0.845,3.285
Ezremit,QATIND,40,4.501022592911184,4.448812676072277,4.55,6.765000000000001
Ezremit,QATLKA,26,1.0690732563207712,1.2460632013108097,1.1549999999999998,3.215
Ezremit,QATPHL,27,2.280153882057579,2.8064916564741105,1.73,4.47
Fast Remit,AUSIND,43,4.641364865294443,4.0322685102103515,4.43,9.26
Fawri,SAUIDN,45,2.262572933713331,2.0745829499988697,2.15,3.9
Fawri,SAUIND,53,1.4291290952345947,1.5266658491814948,1.35,3.45
Fawri,SAULKA,42,0.8496632456703066,0.9440261921559312,1.02,3.08
Fawri,SAUPHL,53,1.1038846188318872,1.148220899719674,1.04,3.03
FlyWorld Money,AUSIND,44,0.5547014945854732,0.6295548452756514,0.51,1.3900000000000001
Forex Australia,AUSPHL,45,0.772486155456098,0.8164919909821557,0.85,4.89
GCC Exchange,AREIND,29,0.4226242490519733,0.47861944223545183,0.39,2.48
GCC Exchange,ARELKA,31,0.06734943027673804,0.06715063574682527,0.22,1.61
GCC Exchange,AREPHL,33,0.329681305130688,0.34996026279173253,0.33,1.15
GMT Money,AUSIND,70,1.0338190649797259,1.0960304541909933,0.96,3.275
GPL Remittance,MYSIDN,29,1.1345923349629579,1.332589612577769,1.07,2.68
GPL Remittance,MYSPHL,30,1.0092026174083102,0.8317969724253025,0.92,2.635
GPL Remittance,SGPCHN,39,0.23905087846237033,0.5312949934918063,0.57,6.79
GPL Remittance,SGPIDN,41,0.8334257474603878,0.7796962083426414,0.75,4.61
GPL Remittance,SGPMYS,32,0.8482602475238521,0.9451562701405842,0.9,4.75
GPL Remittance,SGPPHL,33,1.7079483193739742,1.872930250111114,1.69,4.0
GPL Remittance,SGPTHA,61,1.3144229886511654,1.3721649202476534,1.38,5.28
Global Exchange Ltd,GBRLKA,75,0.03290604026846583,-0.6118455599109379,0.19,2.8
Go Vianex,USABRA,67,1.7902590540846717,1.7230289824337246,1.79,4.02
Go Vianex,USACOL,90,1.3894904709403064,1.7104459219046257,1.4049999999999998,4.21
GoRemit,JPNIND,21,1.68368058133139,2.592397977267971,1.71,13.47
Golden Dragon,SGPCHN,34,0.6944188628335594,0.9122443700253773,0.79,7.715
Golden Dragon,SGPIDN,34,1.1832270531636204,1.1447529476704414,1.02,4.865
Golden Dragon,SGPMYS,33,1.1879171878596395,1.2901026224223016,1.17,5.02
Golden Dragon,SGPTHA,33,2.6015645332177586,2.7526209236889456,2.61,8.02
HDFC Bank,AUSIND,33,1.406109332325458,1.3946562911149296,1.28,3.96
HLB (Hong Leong Bank),MYSCHN,35,3.1784078250375853,3.1659011899018443,3.14,4.5
HLB (Hong Leong Bank),MYSIDN,47,5.736161641597405,5.2532854471372366,5.55,8.07
Hai Ha Money Transfer,AUSPHL,138,1.5684182747544642,1.933973963972194,1.5699999999999998,3.685
Haratan Servicing,SGPMYS,51,1.0489744661065992,1.1806662714648626,1.06,4.77
Hello-Paisa,ZAFCHN,23,3.0032035140813895,3.555703036941222,3.0,10.3
Hello-Paisa,ZAFIND,56,2.7955917783103645,3.0156132864317486,2.895,7.67
ICICI Bank,BHRIND,20,1.2540406087878408,1.3250968016659463,0.9450000000000001,1.6099999999999999
ICICI Bank,CANIND,90,2.035886831926234,1.7998929041234457,1.86,5.055
ICICI Bank,GBRIND,132,0.6281890293754376,0.7115279126833944,0.54,2.42
IE Money Limited,NZLCHN,31,0.6968038413479969,0.7251936115075391,0.72,0.74
IME (International Money Express),MYSCHN,32,1.174353762432458,0.6449351527016247,1.08,6.76
IME (International Money Express),MYSIDN,36,1.909865190351451,2.228836917645825,1.96,3.915
IME (International Money Express),MYSIND,36,0.6795580085842508,0.759270857956192,0.6799999999999999,2.0
IME (International Money Express),MYSPHL,35,0.6402200934460868,0.6434743705042988,0.67,2.71
Incentive Remit,MYSIDN,44,1.6259707800080334,1.5992777016869917,1.775,3.4899999999999998
Incentive Remit,MYSPHL,44,0.9455209566116007,1.0981423826537056,0.975,3.145
India International Bank,MYSIND,32,0.9498769565222243,1.1172744366637948,0.86,2.5
Indian Overseas Bank,SGPIND,48,1.375660402277762,1.4883604964503057,1.53,4.295
Indian Overseas Bank,THAIND,63,1.183169312654414,3.8818718922147224,1.14,6.2
InstaReM,AUSIDN,29,0.2077151223747351,0.30357473801820156,0.05,0.73
InstaReM,AUSIND,33,0.311621669948119,0.46184493672560945,0.18,0.7
InstaReM,AUSLKA,28,0.17509315126624356,0.3737890503207796,0.21,0.92
InstaReM,AUSMYS,30,0.2404194511085605,0.2543844048988494,0.16,0.735
InstaReM,AUSPHL,31,0.19636407998669778,0.301636700235498,0.15,0.74
InstaReM,SGPIDN,31,0.10510025844922628,0.13054445010849383,0.06,1.14
InstaReM,SGPIND,31,0.13761979770085797,0.15079448338011295,0.13,1.07
InstaReM,SGPLKA,26,0.14072554484177868,0.19007270651241448,0.18,0.9450000000000001
InstaReM,SGPMYS,30,0.17283637854064063,0.14997387923781685,0.095,1.2
InstaReM,SGPPHL,30,0.1628445644662455,0.14365812583779086,0.12,0.845
InstaReM,SGPTHA,26,0.11735899815777034,0.15631659416213045,0.07500000000000001,1.5
Intermex,USAMEX,49,0.9873980915674306,1.0524828688782346,1.17,3.84
J&J Express,AUSPHL,20,1.5964060119748913,1.8880713728305292,1.63,6.285
JC Money Change,SGPIDN,34,1.1505525055024741,1.2270340996742508,1.13,4.41
JC Money Change,SGPMYS,32,0.6688999734832972,0.8368272680767679,0.69,4.535
JME,JPNIDN,34,0.8932221292846472,0.9453847272450766,0.85,5.88
JME,JPNIND,34,0.9583549714036144,0.9248761539778222,1.025,6.025
JME,JPNPHL,34,0.9240533789678038,1.0363030470044965,1.01,5.255
JRF,JPNCHN,47,1.003266012260644,1.0252839575489723,1.07,9.6
JRF,JPNIDN,31,0.6250926704104055,1.017906684598054,0.51,5.72
JRF,JPNIND,72,0.7575952681962626,0.832712159860834,0.7150000000000001,5.715
JRF,JPNPHL,74,0.28307017377937793,0.3650286049918522,0.4,6.26
Jalandoni Money Changer and Remittances,AUSPHL,34,0.6184715094813256,0.7506735918958265,0.89,4.9399999999999995
Johnny Air Cargo,USAPHL,61,0.6507785173286653,0.6864335663926694,0.61,5.56
KL Remit Xchange,MYSIDN,33,1.6885581853629508,1.7207605546509108,1.59,2.99
KL Remit Xchange,MYSIND,36,0.7338146862227808,1.1108997125040705,0.8049999999999999,1.92
Kabayan Remittance,SGPPHL,65,0.8804492339718772,0.9296360382684351,0.94,2.54
Kangaroo Service,AUSIDN,33,1.278288707168502,1.4888501008595956,1.46,6.04
Kapook,GBRTHA,34,1.932247864362664,1.9506754600446607,1.8450000000000002,4.345000000000001
Kapruka,AUSLKA,31,0.8010393210749651,0.6376163097032944,0.84,5.82
Kasikorn Bank,THACHN,26,1.675926837154619,1.6601000458215296,1.725,19.744999999999997
Kiwibank,NZLIND,31,1.967610240060597,1.554812998409177,1.91,10.97
Kiwibank,NZLPHL,63,2.5254485581905444,2.502313404362776,2.45,10.54
Krungsri Bank,THACHN,43,2.052078372070086,2.083517764523307,2.01,20.03
Krungsri Bank,THAIDN,38,8.919905634709382,8.734004803907677,9.24,25.97
Krungsri Bank,THAIND,42,8.786490776265587,8.529118345497745,8.895,25.845
Krungthai Bank,THAIND,20,10.313803488829441,9.947197400794188,10.29,26.41
Kuwait India International Exchange,KWTIND,37,0.845157698158995,1.1461960567465859,0.77,3.03
Kyodai,JPNBRA,35,2.4487776936288745,3.109742472547412,2.46,7.73
Kyodai,JPNIDN,26,0.3744290627717798,0.5709519138962607,0.355,5.53
Kyodai,JPNIND,26,1.7913087452060363,1.7920687456878712,1.885,7.21
Kyodai,JPNPHL,76,1.4573095543096777,1.4187352799179695,1.35,6.23
Kyodai,JPNTHA,40,2.178364478565055,2.2179476829422518,2.255,8.975
LBC Remit,JPNPHL,32,1.778803223996495,1.7982193752525226,1.81,6.220000000000001
Lari,AREIDN,32,1.6329067086774385,1.786989486443934,1.6099999999999999,4.585
Lari,AREIND,56,0.4627760777964369,0.6223855541818185,0.505,2.66
Lari,ARELKA,60,0.17971341067737395,0.21918879196465987,0.275,2.425
Lari,AREPHL,89,0.3402582318108478,0.46540841422028445,0.35,2.19
Lucky Money,USAPHL,40,2.6306364982123416,2.6275698923329487,2.6550000000000002,4.945
Lulu Exchange,KWTIND,72,0.37186497859099166,0.5688739377963424,0.37,2.1950000000000003
Lulu Exchange,KWTPHL,71,0.7804663683601886,0.8740328119501712,0.77,2.6
Lulu Now,OMNIND,30,0.8783649615115132,0.926075606324664,0.84,3.77
Lyca Remit,GBRIND,33,0.40472468787617805,0.49981826305004756,0.39,2.71
Lyca Remit,GBRLKA,28,-0.23231413826851452,-0.45389473025644195,0.015,1.94
Lyca Remit,GBRPHL,33,0.48723753088588995,0.4653448060000711,0.54,2.6
Mama Money,ZAFIND,42,1.9390842384384408,1.9291449346607112,1.84,9.065000000000001
Mandiri International Remittance,MYSIDN,31,3.8251048986811806,3.474161807453425,3.76,4.65
Mass Express,SGPIDN,60,1.1237272285057416,1.232782578496954,0.92,4.82
Mass Express,SGPMYS,30,1.0581523668697335,1.130954778992385,1.025,4.875
Mass Express,SGPTHA,30,2.012946978657881,2.223714838629562,2.0300000000000002,8.205
Max Money,MYSIDN,28,1.7353928674395482,1.4773759397112696,1.51,3.1950000000000003
Max Money,MYSIND,37,1.4848246694345482,1.4011115129378653,1.39,3.3
Maybank,MYSIDN,35,4.8838007431982255,4.619998545247514,4.83,8.65
Maybank,MYSPHL,47,2.8125818774481344,2.6759584918608135,2.87,6.75
Maybank,MYSTHA,48,5.65280290873833,5.129800151286717,5.655,9.344999999999999
Maybank,SGPMYS,66,1.3369125881359503,1.5427202195474017,1.4249999999999998,9.1
Maybank,SGPPHL,28,1.9679085475434295,6.3743037056406076,2.025,16.465
Merchantrade Money Transfer,MYSIDN,36,2.1418262691219043,2.295602908183816,2.1900000000000004,4.265
Merchantrade Money Transfer,MYSIND,20,1.1977881596322288,1.3911914228024242,1.1,2.8449999999999998
Merchantrade Money Transfer,MYSPHL,35,0.6679266968969374,0.790655170716428,0.74,3.2
Metro Bank,JPNPHL,110,1.9404462760244359,1.8441857627288158,2.005,6.82
Metro Remittance,CANPHL,113,0.1446762747286578,0.28971715145786664,0.21,4.75
MoneyGram,AREIDN,31,2.579401787378706,2.7735521159104106,2.64,6.81
MoneyGram,AREIND,27,0.5526386413680374,0.5286741526948341,0.54,2.67
MoneyGram,ARELKA,29,0.27947289657465324,0.8938932509733418,0.46,2.5
MoneyGram,AREPHL,31,0.3262086351287664,0.4266893767369791,0.4,3.72
MoneyGram,AUSCHN,26,1.2178893502549126,1.1308560990219914,0.895,4.710000000000001
MoneyGram,AUSIDN,104,2.094843303099351,1.757841041197743,2.16,5.305
MoneyGram,AUSIND,104,1.1031154251222173,1.134594592283569,1.13,3.8499999999999996
MoneyGram,AUSLKA,63,1.6636492991549319,1.5609140500797911,2.03,3.75
MoneyGram,AUSMYS,73,6.170142366368273,5.328757642062513,6.06,8.93
MoneyGram,AUSPHL,145,1.514022549540499,1.2786484819171728,1.54,3.67
MoneyGram,AUSTHA,74,2.873964509844543,2.837816606181919,2.825,5.495
MoneyGram,BRAPER,20,7.786531526416574,6.793121515207846,7.605,11.165
MoneyGram,CANIND,65,0.7015647404260839,0.8465926006275581,0.73,5.05
MoneyGram,CANLKA,55,1.9432276815073886,1.8761545809852267,1.96,5.3
MoneyGram,CANPHL,61,0.8643027918919238,1.1631151964066078,0.8,5.22
MoneyGram,CHEALB,58,7.4253397308199265,7.188862703516483,7.34,10.265
MoneyGram,CHEHUN,63,1.0373748045217086,2.6496177717158598,1.01,6.329999999999999
MoneyGram,CHELKA,96,3.6902953648606953,3.4227003902302067,3.66,6.140000000000001
MoneyGram,CHESRB,58,0.2672229782795584,1.2640628328467292,0.18,5.775
MoneyGram,GBRBRA,127,6.91236346088466,5.979872847694049,6.68,10.95
MoneyGram,GBRCHN,52,2.753099892743192,2.746832383627206,2.8899999999999997,4.31
MoneyGram,GBRIND,82,1.1261257297032952,1.1017681632438427,1.13,4.82
MoneyGram,GBRLKA,76,2.4938054317249256,2.1070354831247005,2.35,6.275
MoneyGram,GBRPAK,20,1.5835485207278295,1.6685259488755364,1.72,6.984999999999999
MoneyGram,GBRPHL,188,1.42178107869013,1.692619847426643,1.55,4.42
MoneyGram,GBRPOL,83,1.7910915086040646,1.6485399365051245,1.89,5.58
MoneyGram,GBRROU,110,2.5101362486054932,2.5951320179102355,2.5199999999999996,5.57
MoneyGram,GBRTHA,79,4.178345046736623,3.8660794317684704,4.21,8.11
MoneyGram,GBRZAF,77,8.151386653429313,8.144263739534878,8.15,12.75
MoneyGram,KWTIND,31,0.9513564629103206,0.9335661214504858,0.91,2.49
MoneyGram,KWTPHL,42,0.5652623044313114,0.67272950095119,0.5800000000000001,2.62
MoneyGram,MYSIDN,35,2.3182342040264468,2.1317924391710568,2.41,4.05
MoneyGram,MYSIND,35,2.229703537136821,1.7277196599205418,2.33,3.99
MoneyGram,MYSPHL,34,0.8622788667670106,0.8834791744769429,0.9299999999999999,3.42
MoneyGram,MYSTHA,35,2.523511824642115,2.173989626091731,2.36,9.66
MoneyGram,NORPOL,104,4.8905953764003955,3.8807082751948148,5.0600000000000005,8.555
MoneyGram,NZLCHN,74,3.9963224676715337,3.2873801575873385,3.99,6.135
MoneyGram,NZLIND,129,2.1378635297568995,2.010784299844542,2.03,4.05
MoneyGram,NZLPHL,114,2.6299467198574416,2.446687527096282,2.58,5.7
MoneyGram,OMNIND,39,0.38695569611039204,0.6082336426202918,0.26,3.59
MoneyGram,OMNLKA,29,0.6919751955034235,0.779784111054855,0.64,3.33
MoneyGram,SAUIDN,26,1.7557515057011064,1.9778845475165951,1.68,3.83
MoneyGram,SAUIND,27,1.796950701942941,1.6075439883858158,1.78,4.22
MoneyGram,SAULKA,20,0.8267369546168056,1.0220493373641035,1.16,3.41
MoneyGram,SAUPHL,26,1.1354083859162523,1.2326154935569396,1.185,4.035
MoneyGram,SGPCHN,74,0.9180487042979294,1.6688019329264485,0.88,5.35
MoneyGram,SGPIDN,68,1.4455321165968773,1.1118668999090846,1.47,3.4299999999999997
MoneyGram,SGPIND,103,0.4509406789742292,0.5170653490161901,0.41,1.82
MoneyGram,SGPLKA,47,0.5924682164519405,0.5359131927029366,0.57,2.39
MoneyGram,SGPMYS,60,1.6659576146701327,2.1127254024530977,1.5550000000000002,4.855
MoneyGram,SGPPHL,83,1.1299438340513577,1.0771353129643342,1.08,2.33
MoneyGram,SGPTHA,68,4.085487258975475,3.3814793295710555,4.074999999999999,6.16
MoneyGram,SWEIND,109,5.2245739545545815,5.082697309778035,5.2,7.670000000000001
MoneyGram,THAIDN,27,2.555231902237724,2.931339490940069,2.39,3.85
MoneyGram,THAIND,31,2.4141751387056454,2.9408679773859365,2.3,3.7
MoneyGram,USABRA,194,4.952800937091468,4.403984301189451,4.7,8.305
MoneyGram,USACOL,100,2.888224756029384,2.6390440638948536,2.78,6.48
MoneyGram,USAIDN,109,2.092111322569096,2.0590401362411237,2.12,5.41
MoneyGram,USAIND,231,0.8373875690558464,0.8452636018906348,0.82,3.66
MoneyGram,USAMEX,159,1.4053122474450013,1.528871914668246,1.51,4.11
MoneyGram,USAPAK,33,1.6724270792800686,1.619996287586718,1.66,6.69
MoneyGram,USAPER,78,1.7724731771358186,1.9281502186577102,1.7399999999999998,6.54
MoneyGram,USAPHL,258,1.4181694703609196,1.70683333961263,1.4249999999999998,3.9800000000000004
MoneyGram,USATHA,107,5.001296272634738,3.800901497710686,4.94,7.6
MoneyGram,USAUKR,70,1.0790478159310393,1.3138833980029407,1.55,5.55
MoneyGram,USAZAF,85,4.829207276258052,4.836353709418839,4.93,8.88
MoneyGram,ZAFIND,25,2.7356467981085952,3.054854126971696,2.58,16.35
MoneyMatch Transfer,MYSIND,30,0.4510226833244053,0.6178488010417176,0.525,1.835
MoneyMatch Transfer,MYSPHL,30,0.6569311103021047,0.6453803046197865,0.655,1.98
MoneyMatch Transfer,MYSTHA,30,1.713467483424944,1.8884974588858268,1.845,3.1550000000000002
MoneyTT,CANCHN,21,0.8261993977617668,1.8699820773411429,0.66,4.74
MoneyTrans,GBRBRA,33,3.875777302219616,3.8271250565845425,4.04,5.38
Mong Lee Enterprise,SGPIDN,34,1.1218774480936171,1.1791243596175502,1.0550000000000002,4.895
Mong Lee Enterprise,SGPMYS,32,0.6413651435083563,0.9627089428884424,0.715,4.555
Mukuru,GBRZAF,43,3.253207897389445,2.9727750793733168,3.29,5.45
Multi Money Transfer,GBRPHL,70,0.1964333142948502,0.24767905437475526,0.19,5.96
Musandam Exchange,OMNIND,28,0.6663662836193622,0.9032596970527412,0.6399999999999999,3.3049999999999997
Musandam Exchange,OMNLKA,30,0.709908664273303,0.7708622876462846,0.815,3.4850000000000003
Mustafa Sultan Exchange Co,OMNLKA,29,0.8751696065128897,1.0180155365138253,1.0,3.67
Nai Nguan Remittance Service,SGPTHA,32,1.139850784662737,1.1695590983757953,1.0150000000000001,5.825
Nedbank,ZAFCHN,32,4.217856985318859,3.656127748167472,4.18,26.174999999999997
Nordea Bank,NORPOL,59,0.9773757883394616,1.120600990753747,0.98,6.41
Nordea Bank,SWECHN,31,0.4134821352133586,1.2934052937276301,0.62,4.23
Nordea Bank,SWEIND,20,0.1803053778132084,0.8106307946796983,0.42000000000000004,4.805
Opal Transfer,GBRPOL,74,1.7720295799967776,1.792634759413668,1.725,4.225
Orbit Remit,AUSIDN,33,0.9240753342743012,0.8200070464401699,0.82,2.82
Orbit Remit,AUSIND,33,0.8379629423439493,0.7895230561948668,0.86,0.88
Orbit Remit,AUSLKA,30,0.9397583548992015,0.8844881665403672,1.085,3.125
Orbit Remit,AUSMYS,34,0.9107896057521401,0.835123488235057,0.845,2.8600000000000003
Orbit Remit,AUSPHL,32,0.6820750578026674,0.6689326323764645,0.845,2.8449999999999998
Orbit Remit,GBRIND,28,0.5110473873881618,0.542618173195275,0.56,2.2199999999999998
Orbit Remit,GBRLKA,27,0.47912064769908985,0.5827470691459092,0.66,2.36
Orbit Remit,GBRPHL,26,0.5551707796665497,0.611566638358854,0.585,2.245
Orbit Remit,NZLIND,31,0.9170825315839239,0.9183021503529376,0.85,2.39
Orbit Remit,NZLPHL,41,1.3493362550285655,1.2726340967490217,1.16,3.46
Orlandi Valuta,USAMEX,32,1.4727541767074486,1.1215364361979234,1.4649999999999999,6.465
PNB (Philippines National Bank),GBRPHL,91,0.4278515582835261,0.35784486923354103,0.38,5.42
PNB (Philippines National Bank),JPNPHL,81,1.8052088817470113,1.7659135662800978,1.81,12.8
PNB (Philippines National Bank),SGPPHL,114,0.7228627449284184,0.6524219801689302,0.78,2.45
PNB (Philippines National Bank),USAPHL,51,1.0332586770309666,0.9316384274905704,1.02,4.94
PNB Global Remit,CANPHL,103,0.3244866851472107,0.4987940303328307,0.43,6.01
Pangea,USACOL,33,3.1364406155658573,3.20226262494886,3.16,5.63
Pangea,USAIDN,32,2.8812660286926497,2.8596548355648057,2.865,5.359999999999999
Pangea,USAIND,32,0.4701109260394155,0.4753458631996125,0.46499999999999997,2.4450000000000003
Pangea,USAMEX,38,2.644862772005305,2.7560406415445575,2.705,5.165
Pangea,USAPHL,37,2.3547451928795167,2.4547701753839313,2.41,4.4
Pangea,USATHA,30,4.0341663661523794,3.528676704240689,3.9800000000000004,6.975
Pay2Home Remittance,SGPIDN,101,0.6355593707769247,0.6491106414394959,0.65,3.2
Pay2Home Remittance,SGPMYS,32,1.0982216681190824,1.1230386599240254,1.17,4.300000000000001
Pay2Home Remittance,SGPPHL,31,0.7176753586276735,0.8092579935490216,0.74,2.61
Paysend,CZEUKR,24,1.3573563566606712,1.373068410236791,1.245,2.115
Pinoy Remit,NZLPHL,21,1.556055050605154,1.6955814648917678,1.58,3.98
Pos Malaysia,MYSIDN,34,1.6458916749866221,2.3210237085719627,1.54,3.105
Prabhu Money Transfer,MYSPHL,29,0.6644746205900545,0.8271043296287037,0.74,2.57
Prime Bank (Prime Exchange Co.),SGPIND,35,0.9456476813683155,1.03669061467404,0.96,0.96
Punjab National Bank,GBRIND,50,2.4333231835302476,2.0239182255172716,2.33,5.41
Queen Bee Capital,JPNCHN,35,4.503038815299817,4.564646632862633,4.05,9.56
RHB Bank,MYSIDN,46,6.724927765191746,7.021286038776635,6.695,10.985
RHB Bank,MYSPHL,43,5.1364599664098005,4.525476219557494,5.12,9.4
RHB Bank,MYSTHA,44,3.8024106258255044,3.795601544754428,3.765,8.16
Raffles Money Change,SGPIDN,34,0.85750301305955,1.6333795300456375,0.86,4.71
Raffles Money Change,SGPMYS,33,0.40011528227778936,0.5948230333424317,0.43,4.27
RediMoney Express,SGPPHL,48,0.7203246635427644,0.8361491998044547,0.67,2.44
Reliable Peso Remit,CANPHL,62,0.2717830927977581,0.7196830032753848,0.255,5.285
Relianz Forex,NZLIND,33,1.5722217167948347,1.5257377378835772,1.51,3.44
Relianz Forex,NZLPHL,23,1.9223837673940574,2.4753057178873954,1.67,5.43
Remit2India,AUSIND,20,0.7395368433006403,1.0496727071003769,0.8200000000000001,1.0750000000000002
Remit2India,GBRIND,26,0.6583782083145078,0.9759546960868213,0.625,0.895
Remit2India,USAIND,27,0.7379195721185878,1.7399200324530422,0.84,2.51
RemitBee,CANIND,32,0.5776718787516504,0.5289432839768625,0.6,3.0149999999999997
RemitBee,CANPHL,41,1.1229082219069222,1.0650052733134647,1.11,2.71
RemitGuru,GBRIND,33,0.8766307647121383,1.2088277704409447,0.84,0.91
RemitGuru,SGPIND,21,0.8486297771252588,0.9796208927570785,0.92,1.69
Remitly,AUSCHN,37,1.646245713355314,1.6671586764334285,1.35,2.9
Remitly,AUSIDN,30,1.9471270028497814,1.7457144442218406,2.025,3.4699999999999998
Remitly,AUSIND,40,1.219517554871013,1.1228819501440734,1.18,3.2649999999999997
Remitly,AUSLKA,30,1.6153283337222673,1.5012756291439984,1.915,4.33
Remitly,AUSMYS,36,2.105507642221286,2.1651890608952855,2.065,4.175000000000001
Remitly,AUSPHL,41,2.077919114021431,1.5608443255895743,2.0,3.3
Remitly,AUSTHA,69,2.165694724038168,2.158732600467631,2.09,3.790000000000001
Remitly,CANIND,45,1.4803763214857635,1.2259835709524398,1.47,2.53
Remitly,CANPHL,66,1.907274443055253,1.3131515784287253,2.05,4.595
Remitly,GBRALB,63,2.5251984842015665,2.5466718880523964,2.56,4.68
Remitly,GBRBRA,75,1.0194820703579652,0.9674361084754483,1.01,3.06
Remitly,GBRIND,40,0.8854639464319929,0.7534815619202544,0.92,2.58
Remitly,GBRLKA,55,2.65362129097667,2.2603019545628356,2.62,3.51
Remitly,GBRPHL,72,1.4600959162993845,0.8405809619748202,1.165,3.47
Remitly,GBRPOL,68,1.1512748784238056,1.0570480793816337,1.185,2.54
Remitly,GBRROU,68,1.120462213353446,1.0372769164798528,1.11,2.77
Remitly,GBRTHA,85,2.4604925428044853,2.4890925526261003,2.6,4.35
Remitly,GBRZAF,62,1.6219374692747648,1.7017807002441312,1.76,4.25
Remitly,NORPOL,86,2.1003940673457433,1.8499485201634265,2.28,3.88
Remitly,SGPCHN,28,1.6270418651932754,1.6177788889860027,1.55,3.3600000000000003
Remitly,SGPIND,53,1.3437836647603805,1.303549618744985,1.27,3.14
Remitly,SGPLKA,37,1.7369708243967865,1.7016349151775059,1.93,4.36
Remitly,SGPMYS,52,2.1020582011380196,1.794381714700748,2.03,3.9
Remitly,SGPPHL,53,1.7176422982169273,1.6594007967129827,1.64,3.22
Remitly,SGPTHA,54,2.154503609593069,1.9695909574533506,2.17,4.165
Remitly,SWECHN,46,1.3397061953977696,1.4127434791516673,1.39,3.74
Remitly,SWEIND,55,1.171952398985947,1.1418507372256321,1.13,2.89
Remitly,USACHN,39,1.842791689945432,1.574635084005761,1.87,3.38
Remitly,USACOL,71,3.090924486231021,2.0213302739059062,2.96,4.96
Remitly,USAIND,58,1.328166304538877,0.9778334504666701,1.37,3.38
Remitly,USAMEX,72,2.475833274344554,2.233113860496776,2.5999999999999996,4.755
Remitly,USAPHL,85,2.852173913043479,3.01681131718311,2.87,5.03
Remitly,USATHA,37,1.9988567551529997,1.8070119264570788,2.16,3.2
Ria,AUSCHN,25,2.343807885862662,2.2550966952305918,2.09,4.77
Ria,AUSIDN,56,1.8157541919228917,1.8504479811198848,1.795,5.37
Ria,AUSIND,55,1.0717226195316218,1.0100982026586705,0.97,3.19
Ria,AUSLKA,52,0.931219800405519,1.0157311713983816,1.01,5.01
Ria,AUSMYS,65,2.0193046010929825,2.1552189103468096,2.09,5.18
Ria,AUSPHL,66,1.4938329583926775,1.4115972401995651,1.3,4.05
Ria,AUSTHA,23,2.3602096197756146,2.4696590925110007,2.48,7.48
Ria,CANCHN,25,2.138481978474918,2.318851612866838,2.2,6.21
Ria,CANIND,73,0.746489537875447,0.960465554495041,0.76,4.66
Ria,CANLKA,55,1.6490400400400445,1.2228143127187656,1.35,5.61
Ria,CANPHL,76,1.1356163139149869,1.1073749844492977,1.08,4.38
Ria,CHEALB,30,4.010605320850555,3.87830509877059,3.925,8.915
Ria,GBRALB,95,1.9126179230528526,2.2635629442881733,1.82,7.81
Ria,GBRBRA,41,1.6612531439149234,1.7503517343440897,1.61,5.6
Ria,GBRCHN,44,3.465933237015772,2.406148309633986,3.335,10.004999999999999
Ria,GBRIND,72,0.45520728217415884,0.5731756328839177,0.41,2.71
Ria,GBRLKA,58,0.20205379310343058,0.08190805703997504,0.33999999999999997,3.59
Ria,GBRPHL,167,0.455527212670647,0.5454837389418301,0.42,3.71
Ria,GBRPOL,34,2.080235710543243,2.255304414327424,1.9849999999999999,6.234999999999999
Ria,GBRROU,38,3.0000250869818568,2.846367848534844,2.795,5.26
Ria,GBRTHA,74,0.7275587538681108,1.367157093797603,0.7150000000000001,7.205
Ria,MYSCHN,27,0.787276616413688,0.9861087006770405,0.82,4.01
Ria,MYSIDN,49,1.7850579928429526,1.7444634360073277,1.85,3.54
Ria,MYSIND,49,0.30281967270323784,0.3387783448656289,0.3,1.94
Ria,MYSPHL,48,0.34050798616107114,0.4364538709365038,0.34,2.27
Ria,MYSTHA,32,1.3384813458785483,1.3221224565978411,1.2650000000000001,3.73
Ria,NORPOL,56,3.0473330097845204,3.2781964586476637,3.17,8.76
Ria,NZLCHN,20,1.0642624530254978,1.3927515772062766,1.15,3.96
Ria,NZLIND,54,0.7855376924239723,0.9912737345999345,0.7450000000000001,3.145
Ria,NZLPHL,65,0.995120891349355,0.995409081675153,0.95,3.93
Ria,SWEIND,34,2.686981890670486,2.696757606216788,2.775,7.08
Ria,USABRA,70,1.4852427867704323,1.652437291234922,1.6,4.215
Ria,USACOL,114,2.1234245331783517,2.2671458588286026,2.315,5.175
Ria,USAIDN,99,1.538185711479253,1.3434451151084146,1.69,5.14
Ria,USAIND,209,0.5170810090732469,0.5977651742791152,0.53,2.8
Ria,USAMEX,114,1.1437465595583687,1.3126538065299735,1.3,3.8
Ria,USAPER,31,1.58013544018058,1.5872402590529529,1.51,5.73
Ria,USAPHL,184,1.864433681748047,1.8191159017550562,1.855,3.615
Ria,USATHA,32,2.4788912955392393,2.427050352994174,2.505,7.035
Rocket Remit,AUSIND,24,1.5836186594740418,1.670243153547298,1.57,1.77
Rocket Remit,AUSLKA,27,1.8223022051536193,2.3041745689223423,1.93,4.43
Rocket Remit,AUSPHL,31,2.3016315529945692,2.142632337570313,2.34,4.84
SBI Canada Bank,CANIND,79,1.571895483349597,1.4960728796684422,1.54,5.32
SBI Express,OMNIND,28,0.8573255570801639,1.2959714984795532,0.81,3.4749999999999996
SBI Express,OMNLKA,27,0.9585139318885445,0.9976740770489348,1.03,3.7
SBI Remit via MoneyGram,JPNPHL,22,1.311092660137963,1.3169868386717882,1.27,5.51
SBI remit,JPNBRA,61,4.202254667334195,4.015265745591055,3.98,8.49
SBI remit,JPNIDN,31,0.641657625796434,0.9626508623463591,0.56,5.74
SBI remit,JPNIND,21,0.9697292588241517,0.9235479031274652,0.97,4.57
SBI remit,JPNPHL,50,0.7259894143180217,0.7891110158447573,0.77,5.01
SBI remit,JPNTHA,21,1.6112252073294704,2.023833030109891,1.67,6.85
SC Remit,SGPIND,25,0.7310338333002705,0.8412274825350015,0.81,0.81
SEB,SWECHN,26,0.7308109120269604,1.8411173659123379,0.835,3.895
SEB,SWEIND,57,2.4005933238028843,3.392685301365245,2.43,10.38
SMTJ,JPNIDN,62,0.5389450127098181,0.5591259383635058,0.55,3.5
SMTJ,JPNPHL,96,0.7264688906702682,0.7705523683571188,0.88,5.88
STC Pay,SAUIDN,23,2.025093063854696,1.9723888229299285,1.82,4.07
STC Pay,SAUIND,24,1.995129276451958,1.9467994955049426,1.92,4.1850000000000005
STC Pay,SAUPHL,25,1.3534819428259792,1.3434837027865274,1.34,3.42
SUPAY,AUSCHN,26,0.3937989341977701,0.6093350693100704,0.28500000000000003,9.225000000000001
Sami Swoi,GBRPOL,91,1.7251628939441557,1.7549429654599082,1.66,4.19
ScotiaBank,CANIND,69,1.5970209991935305,1.757772098437332,1.58,4.78
Seven Bank,JPNBRA,53,3.8100106075216766,3.594406021277375,3.65,12.28
Seven Bank,JPNCHN,32,1.0143288022385843,0.975808712934664,0.99,9.855
Seven Bank,JPNIDN,34,3.9927442925933123,3.9010666761555832,4.025,12.855
Seven Bank,JPNIND,34,4.142429809834873,4.179216770885614,4.234999999999999,13.015
Seven Bank,JPNPHL,43,1.5595053634365486,1.6561293416037437,1.62,10.39
Seven Bank,JPNTHA,36,3.683476103429207,3.807355349757863,3.72,12.52
ShareMoney,USABRA,47,1.984178928203487,1.7877145926211737,1.83,4.45
Siam Commercial Bank,THACHN,22,2.2246039367888013,2.161306946254583,2.255,21.25
Sigue Money Transfers,USAMEX,42,0.7190470416901874,0.8781007878424936,0.885,4.005
Sikhona Money Transfers,ZAFIND,26,2.2130189633349975,2.5578623266586455,2.2800000000000002,5.279999999999999
Singtel Dash,SGPIDN,32,0.5562709702800674,0.6999370084941866,0.47,3.045
Singtel Dash,SGPIND,27,0.5061806136288386,0.49985003599933414,0.58,1.92
Singtel Dash,SGPPHL,50,0.491988688873198,0.5262529859713344,0.52,2.04
Sir Money Changer,SGPLKA,36,0.6072934735423107,0.545326756655284,0.69,2.975
Skrill,CANIND,40,2.2255976421235637,2.207547149648808,2.11,2.4299999999999997
Skrill,GBRIND,25,0.4605860499039675,0.5089014473819542,0.52,0.54
Skrill,INDLKA,28,2.7190389195339373,2.4577620332082075,2.9,2.92
Skrill,SWEIND,31,0.6992739139263664,0.7078028697983182,0.6,0.75
Small World,CHEALB,52,3.0037185836054876,3.4374008572602524,2.9050000000000002,8.92
Small World,CHELKA,145,1.8376250421885527,2.745819009067599,2.13,6.58
Small World,GBRALB,33,3.481772038834957,3.298435820076544,3.3,11.63
Small World,GBRBRA,31,1.7294909977390596,1.9758032131434144,1.87,4.36
Small World,GBRIND,106,0.43845753674768423,0.5973947983951277,0.49,2.3449999999999998
Small World,GBRLKA,30,0.15347333598977142,-0.0023127660415046916,0.28500000000000003,4.45
Small World,GBRPAK,20,0.7451287014069023,0.9003515176799091,0.7649999999999999,1.68
Small World,GBRPHL,107,0.24805437150348117,0.33829141554686326,0.39,2.97
Small World,GBRPOL,33,1.6143763498474657,1.6316885184737764,1.43,4.16
Small World,GBRROU,31,1.7999969201532333,2.4015960313728955,1.71,6.79
Small World,GBRTHA,24,3.039302410912569,2.895141503726959,3.0549999999999997,7.225
Small World,GBRZAF,42,1.4916830183450918,1.8248795793870267,1.2999999999999998,4.029999999999999
Small World,NORPOL,20,1.6906017159452476,1.7453751038564729,1.6099999999999999,3.95
Small World,SWEIND,39,2.6014964445078004,2.1505175590865417,2.62,6.96
Small World,USABRA,40,1.1976819773116898,1.2364924653358051,1.3599999999999999,3.89
Small World,USACOL,26,1.287856735925128,1.4004911178545474,1.185,2.68
Small World,USAIND,24,0.4422058510407706,0.3943435826758867,0.445,1.94
Small World,USAPHL,21,0.838972567769481,0.7872223686638807,0.9,2.39
SpeedSend,SGPMYS,20,0.650189920245443,1.024359653045313,0.66,5.1899999999999995
Speedfast,GBRBRA,33,2.5961679175232963,2.493287900193465,2.36,4.86
Standard Bank,ZAFCHN,43,3.13447739471191,6.186694645207503,2.82,29.2
State Bank of India,AUSIND,32,0.8508131236804157,1.0451879905725352,0.87,5.5600000000000005
State Bank of India,GBRIND,69,1.931653626659454,1.7730838386368442,1.79,4.77
State Bank of India,JPNIND,46,1.5759610629562224,1.687469288317376,1.68,13.495000000000001
State Bank of India,SGPIND,54,0.7999995716492596,0.9951253090742915,0.835,2.62
State Bank of India,SGPLKA,29,1.5439755979899505,1.2443014605796494,1.36,3.28
State Bank of India,ZAFIND,59,2.1900359617996337,2.087332450892996,2.2,20.39
Steadfast Money Transfer,SGPPHL,58,0.7176753586276735,0.7353131868496291,0.67,2.4299999999999997
Sydney Forex Pty Ltd,AUSPAK,33,0.6889389492165894,0.7002219222799517,0.87,8.37
TMB Bank,THACHN,25,2.053721480613579,2.0783976929661265,1.9,18.97
TeleMoney,SAUIDN,27,3.4584671570321746,4.809319827746257,3.41,6.27
TeleMoney,SAUIND,29,1.3853543036574725,1.4632262807589498,1.4,3.8
TeleMoney,SAULKA,25,0.7297979270796612,1.0524935834961047,0.82,3.55
TeleMoney,SAUPHL,27,0.6974670509157596,0.9930237617339882,0.71,3.46
Tik FX,SGPIND,20,0.8510447725083434,0.8426027424523947,0.875,2.8
Tik FX,SGPPHL,20,0.5600997662741379,0.4876935033931621,0.535,2.455
Tonio,GBRPOL,39,2.4014655670822815,2.2255868423057437,2.41,3.28
Trans-Fast,GBRPOL,22,1.6783414285834357,1.902129586614478,1.705,4.275
Trans-fast (Imporium Brazil),GBRBRA,31,1.6062901551251885,2.147841807373112,2.06,4.56
TransferGo,GBRPOL,53,1.1455338371081525,1.2044181098968485,0.91,2.15
TransferGo,NORPOL,59,0.8644658533947271,0.8364287620488312,0.91,1.3
UAE Exchange,AREIND,20,0.5901526742967733,0.6970315444737558,0.55,2.68
UAE Exchange,ARELKA,39,0.8879642365887145,0.8063647937351942,1.11,3.21
UAE Exchange,AREPAK,24,0.5614872533404554,0.852594414396535,0.9299999999999999,3.07
UAE Exchange,AREPHL,45,0.5518129492506592,0.5541752597662493,0.54,3.69
UOB Bank,THACHN,42,2.2607373531579875,2.153131281922694,2.24,20.415
UOB Bank,THAIND,46,5.740522059219599,6.045920292584738,5.65,23.950000000000003
United Overseas Bank,MYSPHL,45,2.94343069436347,2.84395855183358,2.95,7.24
United Overseas Bank,MYSTHA,46,2.459556467528274,2.5385096927195177,2.235,6.5
ValYou,MYSIDN,45,2.2021348307345257,2.4844575335616343,2.34,4.57
ValYou,MYSIND,25,0.6716627682652675,0.9189949985119955,0.77,2.3
ValYou,MYSPHL,21,0.8766183912024366,0.8650089288644673,0.84,2.89
Valyou,MYSIDN,20,1.7019750083824592,1.668863946040662,1.73,3.88
Viamericas,USABRA,87,1.9311862946837102,1.9386082985422337,1.74,4.44
Viamericas,USACOL,76,2.2477062419393024,2.163995016189272,2.2350000000000003,4.890000000000001
Viamericas,USAMEX,112,0.7461569939471002,0.8698194362956241,0.85,4.1
Vigo,USACOL,27,1.854316413486475,1.9330002346299608,2.05,6.05
Vigo,USAMEX,34,1.0031879403179405,1.056193304098062,1.1549999999999998,5.195
Wall St Exchange,AREIND,54,0.5877145314701303,0.6718949521633305,0.56,2.81
Wall St Exchange,ARELKA,56,0.23948450350404288,0.3668938386518222,0.35,2.59
Wall St Exchange,AREPHL,64,0.37666486516930364,0.40916392842567906,0.37999999999999995,3.035
Walmart2World,USABRA,68,5.900091386710763,5.9978310758937345,5.92,10.155000000000001
Walmart2World,USACOL,68,1.775090635350336,1.7589912370514067,1.76,6.175000000000001
Walmart2World,USAIDN,74,2.061428610927937,2.15536566272116,2.045,6.345000000000001
Walmart2World,USAIND,71,0.7113282013068247,0.7755893891341418,0.74,4.5
Walmart2World,USAMEX,68,0.9473018136249765,0.9230129918254373,0.86,4.745
Walmart2World,USAPHL,76,1.4437779826920416,1.3971714400838173,1.395,5.645
Walmart2World,USATHA,69,1.441826990986084,2.3212450836840746,1.46,7.0
Walmart2World,USAZAF,25,4.714850702153724,4.714003572124288,4.83,8.88
Wells Fargo,USACOL,59,1.3606858873803191,1.7038516878437127,1.21,3.32
Wells Fargo,USAIND,46,0.7018857352951272,0.7757070844003173,0.72,0.815
Wells Fargo,USAMEX,65,1.417053134166033,1.3548108306395685,1.27,3.86
Wells Fargo,USAPHL,43,1.8215004961184462,1.981830518182625,1.81,3.89
Western Union,AREIDN,55,1.3726810842241124,1.5083183353717349,1.27,3.78
Western Union,AREIND,50,0.6712618092823056,0.756130163941221,0.585,2.78
Western Union,ARELKA,49,0.26433691756272654,0.35743517553876863,0.3,2.52
Western Union,AREPHL,56,0.49962466803617633,0.588581626925008,0.54,3.115
Western Union,AUSCHN,103,1.5489074447526583,2.0931411893922887,1.36,4.0
Western Union,AUSIDN,104,2.1032426216021873,2.107732659780559,2.0149999999999997,5.215
Western Union,AUSIND,111,1.351436285304879,1.454082116183401,1.33,3.94
Western Union,AUSLKA,101,1.325196397155291,1.6039991954022654,1.49,4.45
Western Union,AUSMYS,113,3.074312667849603,3.1351334928481442,3.45,6.0
Western Union,AUSPAK,24,2.2333939090019896,2.2265495558805637,2.27,4.515
Western Union,AUSPHL,106,1.1688818655104858,1.2221112600823345,1.1,4.12
Western Union,AUSTHA,84,3.8059781074285066,3.445425220705289,3.85,7.29
Western Union,BRAPER,21,4.3351703908414105,4.313440517473663,4.46,7.45
Western Union,CANCHN,117,2.678226314636735,2.8121070979591924,2.59,6.99
Western Union,CANIND,128,1.3319049105401046,1.3613529931484152,1.205,5.255
Western Union,CANLKA,40,1.805899996439309,1.5692554061394408,1.975,6.050000000000001
Western Union,CANPHL,82,1.2640397608694123,1.351123049814028,1.2349999999999999,5.1
Western Union,CHEALB,91,5.0080857966646155,5.417005931574988,5.12,8.48
Western Union,CHEHUN,179,6.421392946038103,5.2661138806519965,6.52,9.1
Western Union,CHELKA,131,3.320363973988533,3.6484259357190374,3.3,5.81
Western Union,CHESRB,123,3.582326010668483,3.1362926685214663,3.63,6.36
Western Union,GBRALB,125,7.839847436747846,6.964610927454202,7.8,12.2
Western Union,GBRBRA,104,5.839102786542961,5.232333805461611,6.12,9.495000000000001
Western Union,GBRCHN,181,2.885802409365738,3.39747525571966,2.85,6.89
Western Union,GBRIND,154,1.1314902172973165,1.260971937020709,1.105,3.94
Western Union,GBRLKA,132,4.805849375757579,4.064413296326681,5.32,8.42
Western Union,GBRNPL,42,3.2894735337623753,3.348423083725404,3.23,8.21
Western Union,GBRPAK,41,1.715215948735382,1.7203342749911232,1.76,5.85
Western Union,GBRPHL,203,1.7258864868587913,2.10625923686381,1.69,4.68
Western Union,GBRPOL,125,2.775322221361236,3.2216534411891082,2.64,6.45
Western Union,GBRROU,98,2.927331085547599,3.40376305525408,2.955,5.575
Western Union,GBRTHA,129,3.79882705000619,4.465515344247259,3.79,5.89
Western Union,JPNBRA,61,1.7874219914949152,1.9715102094148824,1.84,4.72
Western Union,JPNCHN,46,0.6315842720175464,0.673884865993028,0.68,4.055
Western Union,JPNIDN,79,0.8097526093608982,1.3857555336558223,0.7,3.81
Western Union,JPNIND,64,0.8926512523253549,1.3744862007870184,0.865,3.75
Western Union,JPNPHL,73,0.6633502914906106,0.8724828214567861,0.75,3.78
Western Union,JPNTHA,79,1.0816801075226796,1.613290412507895,1.14,4.81
Western Union,KWTIND,53,0.7050405502212466,0.9381702087313439,0.72,2.29
Western Union,KWTPHL,48,0.6522715770718893,0.7790617164034566,0.625,2.385
Western Union,MYSCHN,89,1.5370991345107843,2.107822152963333,1.55,3.54
Western Union,MYSIDN,84,0.9049403554713604,1.380690467358706,0.835,2.025
Western Union,MYSIND,72,0.5896700192429969,0.6754419452274878,0.63,1.495
Western Union,MYSPHL,69,0.7466587625378909,1.1914124963597625,0.76,1.56
Western Union,MYSTHA,72,1.3458567347783645,2.0080598506368768,1.33,2.88
Western Union,NORPAK,33,2.862635853567497,3.0178683067717933,2.73,5.97
Western Union,NORPOL,113,4.097260038576991,3.9942577408161783,4.11,6.41
Western Union,NZLCHN,262,2.2119025113494604,2.690896999581593,2.1,4.7
Western Union,NZLIND,226,1.3745900679493945,1.479433680711636,1.3,3.16
Western Union,NZLPHL,213,1.237048965709201,1.4181780092308154,1.14,3.02
Western Union,OMNIND,61,0.4290840424846429,0.8944561331654081,0.48,3.19
Western Union,OMNLKA,59,0.8738794435857831,1.056097054544073,0.93,3.62
Western Union,POLUKR,32,2.323578476607063,2.2812576682296557,2.35,3.075
Western Union,QATIND,52,1.1859305025610776,2.083621243557881,1.19,3.635
Western Union,QATLKA,47,0.9532765957447031,1.4635385568756416,1.18,3.78
Western Union,QATPHL,44,2.066813699882038,2.34238790492553,2.09,4.39
Western Union,SAUIDN,29,1.3817756275211,1.7362764935900552,1.26,3.51
Western Union,SAUIND,29,1.635036676057433,1.76580254000338,1.61,4.39
Western Union,SAULKA,26,0.5090877629240924,0.7443235554553438,0.845,3.105
Western Union,SAUPHL,27,1.3499205849371894,1.3792876896700232,1.28,4.42
Western Union,SGPCHN,95,1.4398811292971907,1.7653309162203616,1.46,3.15
Western Union,SGPIDN,73,1.7337048310641971,2.185942583245354,1.57,2.65
Western Union,SGPIND,76,0.8183477240403485,1.3701829247232915,0.9550000000000001,1.8
Western Union,SGPLKA,67,2.161944935665917,2.29781570215036,2.03,4.02
Western Union,SGPMYS,78,2.1116624747921047,2.5440948476846033,2.075,4.645
Western Union,SGPPHL,79,0.8826844174151265,1.2736994044562857,0.85,1.8
Western Union,SGPTHA,79,3.265838950546032,3.112855023391065,3.53,4.72
Western Union,SWECHN,116,4.178339496893614,4.187827048630805,4.1850000000000005,5.925
Western Union,SWEIND,131,4.58647847427802,4.644563894803218,4.79,7.12
Western Union,THACHN,133,2.4407833667972434,2.636173341135175,2.36,4.25
Western Union,THAIDN,132,2.517968810212822,2.641433728753,2.4299999999999997,4.390000000000001
Western Union,THAIND,138,1.5139097898079297,2.2560990878334026,1.375,3.26
Western Union,USABRA,179,3.2390324154749033,3.971566412936583,3.16,7.3
Western Union,USACHN,150,0.3065258843379046,0.671023400851352,0.29000000000000004,9.0
Western Union,USACOL,119,5.119170122756141,6.287440288708615,5.15,9.65
Western Union,USAIDN,95,3.3275729281171387,5.33936981288506,3.38,8.88
Western Union,USAIND,276,0.8726914595028147,1.223009925523233,0.925,4.41
Western Union,USAMEX,178,1.571680994878591,1.5652493910493694,1.6,4.24
Western Union,USAPAK,61,2.3936167676206943,2.270829225132972,2.41,4.93
Western Union,USAPER,27,1.3412816691505194,1.095323914427186,1.19,5.08
Western Union,USAPHL,220,2.1284546496001053,2.3854139312875215,2.11,4.875
Western Union,USATHA,107,5.118138264060164,4.932034147844112,5.11,8.94
Western Union,USAZAF,58,1.8815310585517042,1.9247351602645117,2.01,7.17
Westpac,AUSPAK,20,6.342205394543219,6.248818859515035,6.57,19.035
Westpac,NZLIND,61,2.7808921045997437,2.9360043001255205,2.63,14.05
Westpac,NZLPHL,60,2.972363389722203,3.0032493800192004,2.76,14.11
Wise,AREIDN,23,0.0031650968845681068,0.04685035631193892,0.0,5.03
Wise,ARELKA,21,-0.07330699619771841,-0.03875565756061322,0.0,5.15
Wise,AREPHL,23,0.0730846443948316,0.019399932624125323,0.01,5.18
Wise,AUSMYS,46,0.15012952433915205,0.09934333953796416,0.0,1.38
Wise,CHEHUN,42,0.00628153052863741,0.009490292173707818,0.0,2.89
Wise,CHELKA,33,-0.28718720594058816,-0.3305599830750119,0.01,3.15
Wise,CZEUKR,36,0.40113223790355573,0.3880232575708689,0.43,1.745
Wise,GBRBRA,36,-0.030478157763285815,-0.03554371046026233,0.0,1.7349999999999999
Wise,GBRCHN,38,-0.08513890102683504,-0.06505396008660858,0.0,1.75
Wise,GBRIND,35,0.03963636506007766,0.05682546722010089,0.0,1.19
Wise,GBRLKA,30,-0.26455393437871644,-0.2535463410928341,0.02,1.54
Wise,GBRPHL,38,-0.013612958986570492,0.09383056060163272,0.01,1.47
Wise,GBRPOL,43,-0.04140380420072768,-0.03953568063609119,0.01,1.15
Wise,GBRROU,42,-0.004731989523726729,0.021875138120724877,0.01,1.28
Wise,GBRTHA,43,0.02631171055031824,0.0334156920751136,0.0,1.58
Wise,GBRZAF,39,-0.1431025561543691,-0.043392625535510786,0.0,4.52
Wise,USACHN,39,-0.030437396088405996,-0.04377765166931007,0.0,3.56
Wise,USACOL,34,0.19082363391690935,0.17102652128931844,0.0,4.67
Wise,USAIND,42,-0.00039158826242082585,-0.018199904693851483,0.0,2.91
Wise,USAMEX,42,-0.003559807552553678,-0.10488156437498591,0.0,3.1900000000000004
Wise,USATHA,42,-0.014760618483597904,-0.056299633639730604,0.0,3.21
Wise,USAUKR,36,0.0,0.13362804742036852,0.48,3.75
Wise,USAZAF,39,-0.32883331488037465,-0.2800967426840371,0.0,5.65
WorldRemit,AUSCHN,21,2.7387821448996603,2.5356905192336052,2.7,4.61
WorldRemit,AUSIDN,43,2.544628387889976,2.8661947505278023,2.55,7.44
WorldRemit,AUSIND,54,1.1935031466198107,1.1937755981646958,1.1,2.275
WorldRemit,AUSLKA,35,2.9542833842758576,3.1427556993379664,3.14,8.22
WorldRemit,AUSMYS,61,2.3528194662415913,1.9862631529513792,2.52,7.5
WorldRemit,AUSPHL,54,2.750554431576276,2.574703383112281,2.68,3.63
WorldRemit,AUSTHA,65,2.3561569758154652,2.2506976384586634,2.52,4.93
WorldRemit,CANIND,55,1.2660105048926937,1.3733669432965596,1.29,2.84
WorldRemit,CANLKA,62,1.8873137423860147,2.219198645322445,2.43,5.0
WorldRemit,CANPHL,91,1.745854702260875,1.7164954168926485,1.73,3.92
WorldRemit,CHELKA,76,2.946105865651181,3.1063817535735887,3.04,7.33
WorldRemit,GBRBRA,38,2.297771918386582,2.5748117938899626,2.05,4.545
WorldRemit,GBRCHN,20,2.685160279229331,2.842142484798236,2.69,4.35
WorldRemit,GBRIND,49,0.9969866384915685,1.2017905534024849,1.0,2.54
WorldRemit,GBRLKA,83,1.498561339758623,1.8862228495096336,1.7,4.26
WorldRemit,GBRPHL,93,1.3781707589532017,1.3438709568324474,1.28,3.5700000000000003
WorldRemit,GBRTHA,66,2.6481211725423726,2.6991073376316552,2.61,3.59
WorldRemit,GBRZAF,60,3.260949937336899,3.1981148450511188,3.49,6.955
WorldRemit,JPNBRA,40,2.680830355252659,2.615468862587785,2.95,5.89
WorldRemit,JPNIDN,45,1.6688938330432384,2.06539250829669,1.7,2.58
WorldRemit,JPNIND,49,1.6825281902076377,1.5982492425062162,1.56,2.76
WorldRemit,JPNPHL,50,2.6143246112350904,2.15375148341758,2.55,4.609999999999999
WorldRemit,JPNTHA,40,2.863292227470128,2.2663777125799225,2.84,5.25
WorldRemit,MYSIDN,52,0.73894125528316,1.5519253359853826,1.02,1.755
WorldRemit,MYSIND,28,0.7154548802812877,1.0654132588016376,0.75,1.51
WorldRemit,MYSPHL,79,0.7297276197437507,0.7329580734282388,0.74,1.56
WorldRemit,MYSTHA,30,1.9381124168059052,1.872284586838025,1.995,2.79
WorldRemit,NZLCHN,37,2.3982401485609737,2.324143626417585,2.42,4.16
WorldRemit,NZLIND,53,1.8822660638434348,1.7955041179552083,1.83,2.63
WorldRemit,NZLPHL,93,2.5687657352560076,2.5691025988731977,2.47,3.89
WorldRemit,SGPIDN,24,1.2652389008308305,1.3015401793399974,1.3050000000000002,3.0549999999999997
WorldRemit,SGPIND,24,2.23609378609604,2.171974649307018,2.26,3.845
WorldRemit,SGPLKA,26,1.0673136274490092,0.9173493327242738,1.24,2.44
WorldRemit,SGPMYS,24,0.8329536064315487,0.785582802946835,0.8,2.2649999999999997
WorldRemit,SGPPHL,36,0.5736063877663183,0.7022327268831798,0.62,1.79
WorldRemit,SGPTHA,20,1.850597209218647,1.8190199122935666,1.85,3.0149999999999997
WorldRemit,SWECHN,22,2.7706996442146887,2.6166495782575687,2.67,4.1
WorldRemit,SWEIND,50,1.8954714436127826,1.9366837494268776,1.95,3.105
WorldRemit,USAIDN,99,3.219673126478066,3.4274010463618807,3.28,8.17
WorldRemit,USAIND,60,1.5650197132241699,1.544438410393964,1.57,3.18
WorldRemit,USAPHL,105,2.387248084455017,2.248470250837929,2.47,4.25
WorldRemit,USAZAF,91,3.051501634533678,2.848995437114163,3.31,5.23
WorldRemit,ZAFIND,44,2.1782928572823974,2.202569590666187,2.075,7.06
Xendpay,GBRCHN,27,0.889742344818852,0.7582452389466925,0.72,0.72
Xendpay,GBRIND,32,0.3829918747225626,0.4208743348113827,0.41500000000000004,0.41500000000000004
Xendpay,SWECHN,29,0.733658440399646,0.7546821865022835,0.7,0.7
Xendpay,SWEIND,35,0.32640852028446177,0.26159672171933185,0.24,0.24
Xoom,CANCHN,58,2.9475110427881988,2.745096203386759,2.95,5.470000000000001
Xoom,CANIND,55,1.2944211642151149,1.2134641984820713,1.31,3.28
Xoom,CANLKA,46,2.4524421298864643,2.19641144914079,2.5599999999999996,4.96
Xoom,CANPHL,52,2.249987387565408,2.2112308905555933,2.22,4.21
Xoom,USABRA,78,3.0733593916559387,3.180438682571686,3.005,6.465
Xoom,USACHN,60,2.4158441947630465,2.1306799513753276,2.44,11.4
Xoom,USACOL,73,4.097068473880972,4.142053500698528,4.44,7.17
Xoom,USAIDN,60,2.3173359858557676,2.1224771251831704,2.37,5.215
Xoom,USAIND,80,1.453662595745456,1.4467133998266744,1.45,4.165
Xoom,USAMEX,77,2.611907644643765,2.667189911812128,2.7,4.72
Xoom,USAPHL,80,3.676443105426462,3.5222753212999613,3.73,6.38
Xoom,USATHA,56,4.2168914924655665,4.0365259345997675,4.17,7.1
Xoom,USAZAF,63,3.759714937283159,3.699320638485892,3.97,6.82
Xpress Money,AUSLKA,26,1.5054740536494873,1.5799391747050973,1.51,6.01
Xpress Money,GBRIND,24,0.8401254497413474,1.0143816162350752,0.77,4.82
Xpress Money,GBRLKA,25,0.30238381926908137,0.8339885563903118,0.57,3.07
Xpress Money,GBRPHL,31,0.529925204365998,1.1099626828116074,0.77,4.66
Xpress Money,QATIND,23,1.0535583701315994,1.2688713468945914,1.07,3.34
Xpress Money,QATPAK,21,1.2088565056670524,1.4616023000457836,1.16,3.26
Xpress Money,QATPHL,44,0.6417927381715657,0.9300595677871795,0.81,3.205
Zhongguo Remittance,SGPCHN,34,0.0758013504891073,0.2807172784084242,0.08,6.92
iRemit,AUSPHL,77,1.0016348062848635,0.7758395450998588,0.8,4.91
iRemit,CANPHL,97,0.26661455000029155,0.49846926437023636,0.17,4.59
iRemit,GBRPHL,117,-0.0054529379293884895,-0.16414165565185707,-0.01,5.44
iRemit,JPNPHL,46,0.2601042701655588,0.30422222654692566,0.36,4.77
iRemit,QATPHL,27,2.8666973329038106,2.502869053832291,2.97,5.71
iRemit,SGPPHL,98,0.4527244604795335,0.45813190416870697,0.47,2.24
maybank2U,MYSIND,23,3.2283536119810177,3.236887698651723,3.21,4.85
maybank2U,MYSPHL,22,2.830896288501034,2.9999037559904824,2.975,4.64
maybank2U,MYSTHA,23,5.746098408400906,6.206792776441571,5.66,7.3
money2India (ICICI Bank),USAIND,61,1.1847426743774607,1.0863655219160995,1.14,3.07
