id,date,corridor,firm,source_currency,destination_currency,cc1_lcu_fx_rate,inter_lcu_bank_fx,normalized_bis_rate,provider_vs_bis_spread_pct,cc1_fx_margin,cc1_total_cost_pct
415222827,2021-11-19,THAIND,Indian Overseas Bank,THB,INR,0.4444,2.2645,2.263802135273587,80.36930908953785,0.43,2.54
415223065,2021-11-19,THAIND,Indian Overseas Bank,THB,INR,0.4444,2.2638,2.263802135273587,80.36930908953785,0.42,2.53
626231386,2023-02-22,GBRLKA,CashMinute,GBP,LKR,265.037,438.6388,438.67399302865994,39.58224006621604,39.58,41.25
626237239,2023-02-22,GBRLKA,CashMinute,GBP,LKR,265.037,438.6388,438.67399302865994,39.58224006621604,39.58,41.25
3242948,2022-11-30,GBRLKA,CashMinute,GBP,LKR,265.037,442.1632,437.8919282721024,39.47433535808219,40.06,41.73
3242976,2022-11-30,GBRLKA,CashMinute,GBP,LKR,265.037,442.1632,437.8919282721024,39.47433535808219,40.06,41.73
1220183682,2018-11-02,SWECHN,Azimo,SEK,CNY,0.48051,0.76587,0.763282615222873,37.046908914636475,37.26,37.26
625193922,2019-05-10,SWECHN,Azimo,SEK,CNY,0.4515,0.70984,0.7088096727502241,36.301659337103445,36.39,36.39
11030914,2022-08-30,GBRLKA,CashMinute,GBP,LKR,265.037,419.526,415.9109973897192,36.27554893633805,36.82,38.49
11035290,2022-08-30,GBRLKA,CashMinute,GBP,LKR,265.037,419.526,415.9109973897192,36.27554893633805,36.82,38.49
320183305,2018-02-15,SGPPHL,DBS Remit,SGD,PHP,25.47,39.6552,39.758939531876415,35.93893524353277,35.77,35.77
625191790,2019-05-08,GBRCHN,Azimo,GBP,CNY,5.65428,8.82115,8.821651434876289,35.904518085515434,35.9,35.9
1220181618,2018-11-02,GBRCHN,Azimo,GBP,CNY,5.75012,9.04257,8.957775173392305,35.808614430513416,36.41,36.41
1022191911,2019-09-11,GBRCHN,Azimo,GBP,CNY,5.65,8.74705,8.785635721948106,35.69048184088398,35.41,35.41
1022194128,2019-09-16,SWECHN,Azimo,SEK,CNY,0.4705,0.73146,0.7305980805151487,35.60070679788156,35.68,35.68
325191686,2019-02-05,GBRCHN,Azimo,GBP,CNY,5.65428,8.77622,8.762569748819685,35.47235386329872,35.57,35.57
325193759,2019-02-08,SWECHN,Azimo,SEK,CNY,0.47103,0.7276,0.7290160390480614,35.38825282704834,35.26,35.26
520240105,2023-10-24,GBRLKA,CashMinute,GBP,LKR,265.037,399.6483,399.0983726726286,33.591059711635594,33.68,35.35
520240108,2023-10-24,GBRLKA,CashMinute,GBP,LKR,265.037,399.6483,399.0983726726286,33.591059711635594,33.68,35.35
620163683,2016-05-09,USAZAF,Ria,USD,ZAR,10.3215,15.185,15.105485,31.670515710021885,32.03,34.53
