firm,observations,mean_spread,median_spread,p25,p75,mean_rpw_fx_margin,mean_total_cost
Wise,1301,0.0032352428543497005,0.0,-0.1510090568682746,0.14952380677553373,0.041006917755572636,2.684880860876249
Transferwise,445,0.16816366874960884,0.029447346462691534,-0.11742625399574606,0.328440152364015,0.11602247191011236,1.9757303370786519
InstaReM,329,0.23590725452854558,0.16265961842949112,-0.03157349245780811,0.42343499143305574,0.23294832826747722,0.9491489361702127
Metro Remittance,121,0.3056463919054474,0.16822134938885883,-0.3470441380398689,0.6512474845511402,0.33842975206611575,4.390826446280991
Lyca Remit,111,0.24481367073924645,0.27886974534479103,-0.16827126402819725,0.6644135532006329,0.2932432432432432,2.3854054054054052
GCC Exchange,101,0.2943018346785139,0.281650808519999,0.0813710496585148,0.4668449561623182,0.35445544554455444,1.7524752475247525
BOSS Mobile Money,117,0.5027265446795027,0.30222559783481084,0.0783506474867876,0.7271700307713356,0.48735042735042733,2.071965811965812
PNB Global Remit,103,0.4987940303328307,0.3244866851472107,0.10762138443872267,0.8002111821185017,0.47699029126213593,5.967281553398058
iRemit,474,0.44490329717310007,0.37257555293815847,0.030753046084873344,0.7067563221453321,0.44316455696202534,4.5402953586497885
Xendpay,123,0.5283111287338844,0.3942425525451376,0.1816829263089622,0.8237552719501523,0.5813008130081301,0.5813008130081301
Wall St Exchange,199,0.5365710412987316,0.4226242490519733,0.22710680883378975,0.7028113115580698,0.5785929648241206,3.032562814070352
Al Ansari,331,0.5973623318005561,0.43010154551194524,0.20078956402334985,0.8017366346094058,0.6397280966767371,3.240906344410876
Aman Exchange,137,0.60484139926859,0.4966912078414433,0.31007132338961757,0.8169154213525041,0.5921897810218978,2.2510218978102188
Singtel Dash,114,0.583224967471753,0.5039607764439368,0.34260716678154424,0.6941693628139871,0.5921052631578947,2.4242105263157896
Lari,326,1.129774251072999,0.5481298319532849,0.26497988486830076,1.401419931480086,1.1699386503067484,3.5537116564417177
Al Fardan Exchange,431,0.9538212698103156,0.552755162418644,0.2267634291915474,0.946444116611411,0.9765197215777263,3.6829234338747097
DCOM Money Express,141,0.7843899291989291,0.5566989261182926,0.08267167206242253,0.9697292588241517,0.7006382978723404,4.775248226950354
Al Mulla Exchange,161,0.6597171766687125,0.6487124419218115,0.3410310637098722,0.9722310644263016,0.6349068322981366,2.3952173913043477
SMTJ,159,0.6858260283384842,0.6565370221502442,0.4656428498807422,0.8875189415465952,0.7771069182389937,5.116792452830189
JRF,226,0.7468883354654638,0.6826893811391747,0.3386394726079804,1.0484373610649353,0.8119026548672567,7.066327433628318
Bahrain Exchange Company,144,0.8293397428031452,0.7044753801781467,0.40147885152100216,1.0807578485561808,0.7977777777777777,2.489027777777778
Pay2Home Remittance,164,0.7718561567254729,0.7224347688674757,0.39366104630278786,1.0813144893267068,0.7629878048780487,3.472378048780488
Tik FX,207,0.7395725838813311,0.7370036573106807,0.4389656441605268,1.0668061916376828,0.7894202898550724,3.491304347826087
Lulu Exchange,155,0.7429831947619447,0.740773619995726,0.36982829076496293,0.9781179216526144,0.710258064516129,2.4794193548387096
Aussie Forex & Finance,131,0.7523215456175738,0.7449587298086808,0.44886719797939334,0.9453563517766931,0.8485496183206107,3.111908396946565
Nordea Bank,118,1.1905217996091897,0.8178883688342914,0.22648487620099428,1.3991648854720624,1.2495762711864407,6.542457627118644
Orbit Remit,355,0.8310221521139253,0.8590716309040949,0.5529284695994647,1.1482577505258487,0.8049577464788732,2.4749014084507044
PNB (Philippines National Bank),353,0.9189495846476434,0.8639080278994902,0.4120921009818394,1.5420238464682126,0.9508215297450424,5.608951841359773
UAE Exchange,304,1.1211799877129636,0.8649629812520723,0.5007793059472755,1.4030015034997598,1.1369736842105262,3.566546052631579
MoneyMatch Transfer,105,1.1308701349931782,0.8842400972315377,0.4831643443403727,1.527488314657399,1.1471428571428572,2.473238095238095
A-Express Remit,111,0.962097756403533,0.8885935457491645,0.7256998104263483,1.1489580887551407,0.9127027027027027,3.078828828828829
E-remit,136,1.091866772245828,0.9149632818021343,0.37982630364131975,1.8364971602067757,1.107720588235294,3.082867647058823
JME,102,0.968854642742465,0.9307502768271725,0.5096890158527735,1.3348127870689366,0.99,5.760686274509804
ICICI Bank,245,1.1857335260231492,0.9471271940566884,0.5141654398216705,1.9117282400844937,1.127673469387755,3.940326530612245
Brunphil Express,191,1.0798491758763138,0.9737570654312638,0.7203246635427644,1.3476761835974107,1.1004712041884817,3.4358638743455496
TransferGo,139,1.2750609980310812,0.9826746518390463,0.5588097063370527,1.8455565602610746,1.3096402877697841,1.8565467625899281
IME (International Money Express),149,1.090011973895672,1.0032173362435983,0.4790545452888542,1.7688800240646094,1.1020134228187919,3.774429530201342
Bank of China,139,1.1825442503915151,1.0347771954983784,0.17826418074325984,1.729570249621137,1.1718705035971222,10.91654676258993
Ezremit,236,1.9738643890791612,1.0596190772325869,0.6111879650766106,2.7683518187384184,1.9589830508474575,4.459576271186441
GPL Remittance,265,1.1020408160717563,1.0873849682362042,0.5528917711588203,1.45789537549877,1.1095849056603775,4.7712830188679245
BKK Forex,168,1.2232632304912467,1.1095938547700204,0.6419110720412232,1.652599911274851,1.234047619047619,4.457321428571428
Brastel Remit,195,1.3368757176449315,1.1659674141817145,0.7095415474203411,1.791211138646071,1.305076923076923,6.312666666666667
Xpress Money,667,1.5259418943970653,1.170577074506114,0.6615235789476325,1.9893152357901887,1.5228035982008996,5.01856071964018
Sigue Money Transfers,112,1.2290727337182155,1.1710148744502424,0.4577523654504058,2.1240487796501046,1.2510714285714286,5.288303571428571
DBS Remit,311,1.2854709068980619,1.1886551642216148,0.924734794261177,1.3984752288287683,1.3067845659163988,1.4327652733118972
Golden Dragon,134,1.5175207897263359,1.216986684131511,0.5493124266698716,2.0964212014376677,1.5505223880597017,6.571194029850746
Bank of Baroda,146,1.2019170362648903,1.2569472141296274,0.7024345775694626,1.6971312696380414,1.1777397260273972,3.797465753424657
Small World,978,1.6916595625396282,1.2619381578413318,0.5245856858137601,2.3968827524716114,1.74140081799591,5.128179959100204
Azimo,492,2.2929148801383414,1.2679429963045863,0.6628084360335619,2.10991899426337,2.288089430894309,3.9771747967479674
Merchantrade Money Transfer,105,1.5034501086268837,1.271720667063749,0.705776599791755,1.973589360380715,1.530095238095238,3.758095238095238
Fawri,193,1.4237011943640423,1.299193298739734,0.988930078001325,1.9150396358235207,1.3745077720207253,3.378031088082902
Indian Overseas Bank,111,2.8468399372895696,1.3002657246810256,0.8388459302173537,1.9184279132523894,1.384774774774775,5.082342342342343
TeleMoney,122,2.017362433323169,1.312927710535162,0.6230128614839683,2.3395386991029556,2.047049180327869,4.744262295081967
Ceylon Exchange,186,1.521447118199629,1.3152845951250796,0.496403157427314,2.8011587908806668,1.5341397849462366,7.477688172043011
Mass Express,120,1.4550586936539638,1.3240610857142805,0.7259316428747806,1.912056423884716,1.4244999999999999,5.95625
Ria,2623,1.529123564233707,1.3384813458785483,0.6278197555531564,2.110594246462496,1.5429660693861988,4.9161418223408315
SBI remit,200,1.9730950151195301,1.3601595482797983,0.722876438920808,3.1493193954357874,1.9894,6.478899999999999
Viamericas,275,1.5656084366133416,1.3750227529983616,0.8006924731978778,2.3010421149540505,1.6009454545454544,4.407454545454545
Al Dar Exchange,101,1.4257449126150983,1.375865106382985,0.8666697622401681,1.7240325760349755,1.378118811881188,3.9855445544554455
Wells Fargo,213,1.453010289852669,1.4112749716159778,0.9742072368334951,1.807621790163955,1.4228638497652581,3.3148826291079816
Go Vianex,157,1.7158157630221393,1.4992638725599199,1.2571913673924437,1.999356898413523,1.691656050955414,4.053885350318471
State Bank of India,289,1.5445900051085502,1.5076663673307253,0.8397418282581736,2.1900359617996337,1.5716608996539791,9.66
Hai Ha Money Transfer,138,1.933973963972194,1.5684182747544642,1.0505115786627925,1.9071076586663998,1.9211594202898552,4.696521739130435
Commercial Bank,100,1.8099446248448918,1.5871190213010151,0.7790891572260865,2.3185977496473567,1.7619999999999998,3.4874
Bank of India,163,1.6820789448294593,1.699032855593565,1.2560453231462194,2.0018063748130817,1.6796932515337424,7.498036809815951
Kyodai,214,1.800124855169964,1.7177744396426942,1.0612434443463539,2.351443626840058,1.7899532710280375,7.96107476635514
Remitly,1834,1.673867205351176,1.7369184673948832,1.1512748784238056,2.280691663143503,1.673042529989095,3.786946564885496
Walmart2World,548,2.2466338628531672,1.7500810918374186,0.9112355052679488,3.0877669821481946,2.270529197080292,6.536405109489051
Western Union,8218,2.5573904811095463,1.8909375323832986,0.9799017155636544,3.511066969024999,2.561712095400341,5.74311511316622
MoneyGram,5200,2.40488525914441,1.9300117955984764,0.8854359884861748,3.356619100355319,2.418807692307692,5.930044230769231
Metro Bank,110,1.8441857627288158,1.9404462760244359,1.616794119239169,2.271582215329098,1.9052727272727275,8.789545454545454
WorldRemit,2503,2.0713528147613465,2.032770097447912,1.212706776230724,2.780493570688462,2.0731082700759087,4.337770675189772
Al-Rajhi Bank,119,2.3353457499495844,2.0438599509048236,1.0827475057890803,2.868486161682191,2.3776470588235292,5.796218487394958
Skrill,178,2.0543289328680796,2.0815425450087632,0.7062270951581112,3.0591173377910623,2.046067415730337,2.6364606741573033
Bangkok Bank,141,2.1824019882276375,2.203847839199672,1.6129700740327255,2.642813882614333,2.147517730496454,18.566099290780144
Pangea,220,2.416741514468219,2.604242135671302,1.8853346170002065,3.0581530556084306,2.411318181818182,4.892409090909091
Xoom,869,2.7627692412338276,2.6603184895139567,1.9218340591721,3.6266364328723952,2.806409666283084,5.627986191024166
Maybank,236,3.578724016422736,2.882341033817905,1.3794650926186973,4.96582963294548,3.6028813559322033,9.01957627118644
Westpac,175,3.7157997898769666,3.3111379895763022,2.707145845020797,4.949141025835087,3.682628571428572,13.5968
ANZ Bank,361,3.4517185431646893,3.458814944315261,2.4734240494010984,4.225753981258915,3.4479778393351803,12.484238227146815
Seven Bank,232,3.0376611612985123,3.604177093161184,1.603527927002073,4.063459562853714,3.027586206896552,11.717586206896552
Commonwealth Bank,174,4.997327007188874,5.06492207102492,4.516501159399983,5.623202864991807,4.949655172413793,10.593333333333334
RHB Bank,133,5.1472263398037015,5.254792775321157,3.661540440238097,6.847308735462665,5.081729323308271,9.384736842105264
CIMB Group (Cash Laju),131,5.3943532563851,5.46223853807508,4.308773307965435,6.718321229996341,5.424580152671756,7.998167938931298
Krungsri Bank,123,6.339076560438205,7.151351952453341,2.208950787939391,9.495294207544049,6.305853658536585,23.69422764227642
