corridor,observations,mean_spread,median_spread,p25,p75,mean_rpw_fx_margin,mean_total_cost
CHEALB,245,5.0751103118074425,4.93973646980344,3.096829364382563,7.133321107647168,5.064448979591837,10.011510204081633
BRAPER,92,5.384582835977531,4.487828818630526,3.072132023794593,7.93068647951436,5.549347826086957,9.31054347826087
ZAFCHN,171,4.547177973551642,4.075706032614692,2.6079555735854587,4.987628470621271,4.520116959064327,21.725672514619884
USAZAF,376,3.2336916214124267,3.3878160710459495,1.9038871317559571,4.333270619813934,3.3928989361702127,7.271143617021276
CHESRB,197,2.633680604768659,3.3420420216371074,0.8220476600604893,4.0420753449835365,2.681522842639594,7.674822335025381
THAIDN,304,4.029656688971872,3.3228974030137244,2.26350726057008,4.971554342239074,3.9669407894736843,11.56970394736842
JPNBRA,411,3.2811250801831044,3.0970949154153664,1.8241751349496138,4.358827120392778,3.212433090024331,8.461873479318735
USATHA,506,3.2220420168021704,3.0091013309401573,1.2944724758354467,5.01804596599681,3.2545652173913044,6.791225296442688
GBRALB,328,4.240104410155628,2.9668965674978596,2.206806700030149,4.7883527559224355,4.208292682926829,9.27314024390244
THAIND,408,4.328921387562384,2.7902277269697566,1.183169312654414,6.702780400939331,3.8906617647058828,12.051862745098038
CHELKA,510,2.9133498706982768,2.755810153629479,1.5492521946728426,3.8272765154688377,3.0660000000000003,6.706764705882352
AUSTHA,481,2.785823979953608,2.6899042688675747,1.846842053431174,3.872266950040937,2.808295218295218,7.082079002079002
CHEHUN,321,3.71827440983734,2.6247846745593746,0.7866340496509767,6.674006589697108,3.7726791277258567,7.699937694704049
SWECHN,297,3.2292226000398316,2.613305245158555,0.8438437178034661,4.358014852296155,3.2409764309764313,6.343265993265994
USABRA,858,3.263149814592901,2.5657906243986983,1.6349999091955103,5.371442161412771,3.2343356643356644,6.337750582750583
GBRZAF,482,3.1438042131628365,2.5606029076860537,1.1761876347367477,4.228910815848765,3.171078838174274,6.564170124481327
USAIDN,604,2.7233971750647457,2.5241267555106552,1.5953937607948807,3.187132079395893,2.775430463576159,6.500596026490067
CANCHN,322,2.4037187293123976,2.473350618424388,1.532917474065428,3.311067921134555,2.4020625,6.8378749999999995
GBRBRA,658,3.234532392691892,2.4495851400960182,1.1914715404350718,4.5517369811324855,3.196747720364742,6.111079027355624
GBRTHA,637,2.608441611357267,2.4083001731439437,1.2731837024288646,3.7083889924094207,2.5844113029827316,6.585886970172685
NORPAK,93,2.4325223963933587,2.3828423682986086,1.6702081916732823,2.9129646434351435,2.432258064516129,6.979892473118279
QATNPL,146,2.779125243228849,2.357796651378756,1.2903696329329637,3.788881340630188,2.7297260273972603,5.217465753424658
GBRCHN,420,2.7463762660414024,2.329646569742439,0.8240472071402971,3.584548058863066,2.7379285714285717,5.8658809523809525
SWEIND,623,2.9356290539157137,2.260909907902689,1.0979839369133801,4.82340890935701,2.971589085072231,6.220016051364366
ZAFIND,292,2.5522992746555824,2.2521362020004583,1.8327337638803798,2.829091006869705,2.544041095890411,10.568835616438356
USACOL,961,2.6077456203776426,2.1900693296745573,1.299938894870082,3.310014935913366,2.610208116545265,5.80312174817898
AUSMYS,539,2.6054383564686816,2.164430141957533,0.7401737143930301,4.068486238741111,2.552486085343228,6.753970315398886
MYSIDN,1058,2.8138510812504136,2.1431482338185788,1.1973229457847563,4.0881672372040985,2.8428166351606805,4.887391304347826
POLUKR,77,2.1746176460378384,2.111107440832728,1.1416369442926309,3.1577515820352544,2.1793506493506496,3.040779220779221
GBRNPL,111,2.4043516788505563,2.1093476140447818,1.1637711709213958,3.401857483701303,2.5194594594594597,6.381171171171171
SAUIDN,190,2.363154106631548,2.0989674174770343,1.3539146218468967,2.5649202372443596,2.3005789473684213,4.541526315789474
THACHN,354,2.204333893912775,2.0806081415171582,1.5645424299102242,2.4876845998856965,2.1699435028248586,12.943870056497175
USAPHL,1321,1.993467315648294,2.03388391571157,1.2004559723494077,2.6602913799546215,2.0150794852384557,4.578569265707797
JPNTHA,375,1.964809000144938,1.9628683118703436,0.9049184558909824,3.019680409520347,1.9266133333333333,8.50816
NZLCHN,502,2.226694325541026,1.93573852797596,0.9279998491745818,3.281786795481676,2.155816733067729,4.540338645418327
NZLPHL,903,1.9264444570668235,1.9343877125147266,1.164332649429689,2.685103507140028,1.8591362126245847,5.876722037652271
AREIDN,236,1.9590460909313419,1.8991961446151642,0.9267436313533127,2.493792346530027,1.9919067796610168,5.525889830508474
MYSTHA,404,2.7000688954076852,1.8813378668736007,1.037306112963351,4.737119834040204,2.6577970297029703,5.4633168316831675
NZLIND,986,1.7862256498175182,1.8700347109205353,1.1740105527388318,2.3841107115042957,1.7357809330628804,5.734766734279918
AUSIDN,585,1.9288275127165022,1.809119483093217,0.6970952610360919,2.829002542375353,1.8814017094017093,5.573965811965812
USAPER,179,1.8782999851340358,1.8018018018018036,1.2937326161594362,2.197131566038606,1.8517877094972066,5.722011173184358
SAUPAK,59,1.8341917991993804,1.791370919983168,1.5448626651161794,1.9741382347545426,1.7969491525423729,3.522372881355932
NORPOL,644,2.337612161286556,1.7868431142565202,0.8244187335211237,4.0349646213478465,2.373913043478261,5.277360248447205
CANLKA,318,1.6728175139058268,1.7756442301343174,0.9419194022679687,2.2429484841184077,1.8409748427672954,5.463899371069182
USAPAK,110,1.9954670780944606,1.724721622930181,1.4627380779589452,2.712213610783406,2.009181818181818,5.167090909090909
GBRROU,457,2.1306717997980056,1.6891419108204364,0.902937441021655,3.0090217432771493,2.098774617067834,4.929015317286652
GBRPOL,808,1.7524072830363293,1.6841808828822278,0.8630331381254311,2.11322166026381,1.743217821782178,3.9141831683168316
SGPTHA,635,1.8877985716354544,1.659713666143527,1.106467067610685,2.4406422037976387,1.9063622047244093,4.863937007874015
USANPL,111,1.8940503272278069,1.6504854368932065,1.3899323816679225,2.4363108615936224,1.9695495495495496,5.205225225225225
QATIND,305,2.188442372052982,1.643925179379392,0.9293851645131345,2.964938778543962,2.0948852459016396,4.341934426229508
CANPAK,90,1.861541784460779,1.588785116625369,0.7955260791752771,2.361607281566485,1.7138888888888888,5.5632222222222225
SAUIND,249,1.6931959358038136,1.5514248671325253,1.1847488241633342,2.003731140807747,1.6843775100401608,4.75144578313253
AUSCHN,426,1.7434677246672405,1.5379397511469337,0.5087659137771181,2.722311719613641,1.6023474178403756,6.6067605633802815
MYSCHN,332,1.6357656558942943,1.4109070386584095,0.6404795049568899,2.5733271504395034,1.6359939759036144,4.749337349397591
USAMEX,1171,1.4766377226993668,1.3880892368362077,0.7293421865397685,2.1525254645858416,1.5479333902647312,4.552152006831768
QATPHL,308,2.041308447890619,1.3815200921001125,0.6594448140747728,2.7371600096296564,1.932922077922078,4.372467532467533
BHRIND,142,1.4791347440841092,1.3808658234303914,0.9414355002654262,1.8858760137739166,1.3327464788732395,2.8122535211267605
JPNIND,591,1.5976473210170679,1.3664188024325374,0.7805637903838802,1.9886484143614203,1.5896615905245346,7.950152284263959
CANIND,854,1.3960384979310458,1.3641689288287102,0.7708144654552773,2.0045675848294855,1.4106908665105387,4.562177985948478
SAUNPL,53,1.4833227220079925,1.2854396924555338,0.9502923976608114,2.014379307410876,1.4181132075471699,3.9571698113207545
AUSPHL,1172,1.5111260497479946,1.257776848509486,0.6090585737838516,2.111013861597011,1.5098634812286689,4.5156569965870315
AUSPAK,161,1.8050467465109996,1.2409790268170207,0.6042877036941458,2.253728975178209,1.9381987577639752,6.808136645962732
QATPAK,93,1.9866920415901153,1.185182923979055,0.8500196789465879,2.469332266107257,2.0207526881720432,3.9931182795698925
AUSIND,1170,1.6075213911873032,1.1664815059113889,0.6572312912969314,1.9446247305087665,1.5683162393162393,4.75542735042735
AUSLKA,641,1.5482758363869422,1.1512638172413832,0.5093750848899252,2.3238485315532498,1.6441809672386896,5.421840873634945
SAUPHL,212,1.2407843677677886,1.1501619170863475,0.6472370228066906,1.6399018205188873,1.211698113207547,4.0684905660377355
GBRPAK,171,1.3036854330412166,1.0917987757012673,0.6892164978353164,1.6478661693689483,1.3373684210526315,4.220058479532164
JPNCHN,218,1.564336647105847,1.0717050570245692,0.7113861173972149,1.5837889192351786,1.6412385321100917,9.182568807339448
SGPMYS,883,1.3314050187516295,1.0281970245399148,0.5689802336353484,1.8272071761360955,1.369309173272933,4.728097395243488
CANPHL,955,1.0131706382650412,1.024067481058388,0.24523201550475288,1.7387526922938046,0.9936753926701571,4.62696335078534
OMNNPL,77,1.0837112359619767,1.0053685878475436,0.5790180311890735,1.6142991533396096,1.135194805194805,3.9924675324675327
MYSNPL,99,1.052100174131149,0.9949867674305224,0.6354624923776998,1.520025156920668,1.1,3.142323232323232
USACHN,324,1.0428323826161345,0.9799017155636544,0.0864901765672381,1.7624522759151613,1.0504938271604938,6.571141975308643
JPNPHL,988,1.1116218567362455,0.9709662756928621,0.46558592745700983,1.7208626714346815,1.1236336032388665,6.340354251012146
SGPIDN,999,1.1051365677960605,0.9428388365222221,0.4546692229923315,1.4522557445696367,1.0376376376376375,3.684184184184184
USAUKR,145,1.1482815658084768,0.9261616082701993,0.20280089659344136,2.1641307320801535,1.4892413793103447,5.863931034482759
CZEUKR,84,1.620758063789767,0.9174827178717538,0.4041372771311962,1.887943584116998,1.7007142857142858,2.947738095238095
MYSPHL,933,1.4120117317122518,0.902141417390376,0.474886974574794,2.112234077119641,1.4373740621650588,3.6482315112540196
SGPCHN,446,1.1345875832410115,0.8879150796288222,0.23905087846237033,1.5996385072800083,1.149372197309417,4.950829596412556
QATLKA,228,1.15584717813713,0.8598845705325313,0.38113620689654926,1.710991106479916,1.2705701754385965,3.524517543859649
JPNIDN,518,1.4460674566842369,0.8584108471705122,0.3725351055784642,1.9221264770182567,1.4194594594594594,6.101274131274131
SAULKA,164,0.9807605377220943,0.8496632456703066,0.5659055727554285,1.3029315960912007,1.1095731707317074,3.3407317073170733
SGPLKA,411,1.0418614521129075,0.8370109954456744,0.33935974281266956,1.7037431273630572,1.176301703163017,3.242287104622871
USAIND,1245,0.9434074048370851,0.819147141002762,0.45149643882664203,1.2617380978805846,0.9700803212851405,3.561253012048193
OMNPAK,60,0.9920512599227386,0.8072302015546762,0.48290277849808755,1.310467414235771,0.8343333333333334,3.501
GBRLKA,746,1.8582292376141682,0.8063372206236712,0.16902873942006594,2.631990122655028,2.013096514745308,4.919396782841823
SGPPHL,1217,1.0076584145604588,0.791768299211554,0.43202313599387193,1.1293482047929435,1.0243303204601477,2.828077239112572
OMNLKA,256,0.9534131791643315,0.7844459021704433,0.5243146259540387,1.2557131823768577,1.0215625,3.778984375
SGPIND,810,1.0028684196369337,0.7794397318540979,0.42403193960087715,1.2648144080230883,1.0058641975308642,2.4739012345679012
ARENPL,135,1.1253244109601497,0.7711893203883552,0.28100644664680013,1.2520852858481613,1.2497037037037038,4.105185185185186
MYSIND,565,1.0427526924171309,0.760298229981936,0.38607605685761626,1.4599530251452724,1.050849557522124,2.535575221238938
GBRPHL,1328,0.9500689130121726,0.7388038752272119,0.17876548772789375,1.4804185829135297,0.9597665662650602,4.321423192771085
GBRIND,1118,0.9422335406545753,0.7294395158178603,0.4069757192977575,1.2811107905244106,0.9122987477638641,3.368613595706619
KWTPHL,446,0.8332790601546904,0.7187544157814729,0.49417608095021026,0.9722310644263016,0.8036098654708521,2.632533632286995
AREIND,518,0.8323596661021464,0.6538545636778476,0.423660659053095,0.9427700745192082,0.7917181467181468,3.1103474903474906
OMNIND,293,0.9791417011915912,0.6532930725725377,0.3221197772113031,1.4777361628704841,0.9386006825938567,3.726484641638225
BHRPAK,63,0.8310087264298007,0.652811246693803,0.4186954909373956,1.2011398779134757,0.7479365079365079,2.7160317460317462
KWTPAK,90,0.7079725057958306,0.5897587373332412,0.3941449529397789,0.9394986047221378,0.6933333333333334,2.041
KWTIND,486,0.7615444789240887,0.5761070451048385,0.28826736443851697,1.0807578485561808,0.7361111111111112,2.4645473251028807
AREPAK,142,0.7976183820558075,0.5614872533404554,0.3263305308767946,1.4378389336576813,0.9595774647887323,3.6504225352112676
AREPHL,610,0.498462331090852,0.4009287489155251,0.20178923618990002,0.7507167447275145,0.5167868852459017,3.125508196721311
ARELKA,505,0.46045395951483764,0.2238351254480249,-0.007225273201304999,0.5007275803722547,0.5678415841584158,2.9493465346534653
