corridor,direct_match,inverse_match,neither_match,ambiguous,observations,matched_direct_or_inverse,observed_match_orientations,orientation_consistency
KORCHN,3,0,833,0,836,3,1,direct_matches_only
USAPHL,1321,0,473,0,1794,1321,1,direct_matches_only
USAPER,179,0,397,0,576,179,1,direct_matches_only
GBRALB,328,0,388,0,716,328,1,direct_matches_only
JPNPHL,988,0,340,0,1328,988,1,direct_matches_only
JPNCHN,218,0,339,0,557,218,1,direct_matches_only
CZEUKR,84,0,322,0,406,84,1,direct_matches_only
NZLCHN,502,0,314,0,816,502,1,direct_matches_only
USACHN,324,0,295,0,619,324,1,direct_matches_only
USAUKR,145,0,283,0,428,145,1,direct_matches_only
JPNIND,591,0,265,0,856,591,1,direct_matches_only
GBRROU,457,0,258,0,715,457,1,direct_matches_only
CHEALB,245,0,248,0,493,245,1,direct_matches_only
JPNBRA,411,0,212,0,623,411,1,direct_matches_only
INDLKA,28,0,201,0,229,28,1,direct_matches_only
THAIND,390,18,192,0,600,408,2,both_direct_and_inverse_matches
USACOL,961,0,185,0,1146,961,1,direct_matches_only
THAIDN,297,7,171,0,475,304,2,both_direct_and_inverse_matches
GBRCHN,420,0,158,0,578,420,1,direct_matches_only
CHEHUN,321,0,152,0,473,321,1,direct_matches_only
