source_currency,direct_match,inverse_match,neither_match,ambiguous
AED,98.75747814081915,0.0,1.2425218591808558,0.0
AUD,91.17336152219873,0.0,8.826638477801268,0.0
BHD,100.0,0.0,0.0,0.0
BRL,41.81818181818181,0.0,58.18181818181818,0.0
CAD,89.24428822495607,0.0,10.755711775043936,0.0
CHF,68.29399141630901,0.0,31.706008583690988,0.0
CLP,33.07692307692307,0.0,66.92307692307692,0.0
CZK,20.689655172413794,0.0,79.3103448275862,0.0
GBP,85.3885035852827,0.0,14.611496414717292,0.0
ILS,9.022556390977442,0.0,90.97744360902256,0.0
INR,12.46376811594203,0.0,87.53623188405797,0.0
JPY,69.84234234234235,0.0,30.157657657657655,0.0
KRW,0.3588516746411483,0.0,99.64114832535886,0.0
KWD,99.03100775193798,0.0,0.9689922480620154,0.0
MYR,98.00578034682081,0.0,1.9942196531791907,0.0
NOK,93.52791878172589,0.0,6.472081218274112,0.0
NZD,82.67634854771784,0.0,17.323651452282157,0.0
OMR,98.84726224783861,0.0,1.1527377521613833,0.0
PLN,65.8119658119658,0.0,34.18803418803419,0.0
QAR,95.40636042402826,0.0,4.593639575971731,0.0
RUB,6.122448979591836,0.0,93.87755102040816,0.0
SAR,95.46858908341915,0.0,4.531410916580844,0.0
SEK,80.06962576153177,0.0,19.930374238468232,0.0
SGD,96.98537281484124,0.0,3.0146271851587585,0.0
THB,64.77784932388924,3.8634900193174504,31.3586606567933,0.0
USD,65.51010268300762,0.0,16.669426962570387,17.820470354421992
ZAR,68.24224519940915,0.14771048744460857,31.610044313146236,0.0
