destination_currency,direct_match,inverse_match,neither_match,ambiguous
ALL,47.39454094292804,0.0,52.605459057071954,0.0
BRL,86.6067415730337,0.0,13.393258426966293,0.0
CNY,59.10228339067876,0.5630278385986863,40.33468877072256,0.0
COP,83.85689354275742,0.0,16.143106457242585,0.0
HUF,67.8646934460888,0.0,32.1353065539112,0.0
IDR,90.1004016064257,0.14056224899598393,9.759036144578314,0.0
INR,90.79037214066234,0.15363605326049848,9.05599180607716,0.0
KZT,0.0,0.0,100.0,0.0
LKR,87.01714285714286,0.0,12.982857142857144,0.0
MAD,9.022556390977442,0.0,90.97744360902256,0.0
MXN,95.0487012987013,0.0,4.951298701298701,0.0
MYR,94.29708222811671,0.0,5.702917771883289,0.0
NPR,90.10856453558505,0.0,9.891435464414958,0.0
PEN,33.909287257019436,0.0,66.09071274298056,0.0
PHP,90.05285503855819,0.0,9.947144961441817,0.0
PKR,93.51481184947959,0.0,6.485188150520416,0.0
PLN,91.60883280757098,0.0,8.391167192429021,0.0
RON,63.91608391608392,0.0,36.08391608391609,0.0
RSD,61.37071651090342,0.0,38.62928348909657,0.0
THB,93.07598039215686,0.0,6.924019607843138,0.0
UAH,30.94302554027505,0.0,69.05697445972496,0.0
USD,0.0,0.0,0.0,100.0
ZAR,85.54336989032902,0.0,14.456630109670987,0.0
