corridor,direct_match,inverse_match,neither_match,ambiguous
AREIDN,100.0,0.0,0.0,0.0
AREIND,99.61538461538461,0.0,0.38461538461538464,0.0
ARELKA,95.46313799621929,0.0,4.536862003780719,0.0
ARENPL,100.0,0.0,0.0,0.0
AREPAK,100.0,0.0,0.0,0.0
AREPHL,99.83633387888707,0.0,0.16366612111292964,0.0
AUSCHN,83.203125,0.0,16.796875,0.0
AUSIDN,85.90308370044053,0.0,14.096916299559473,0.0
AUSIND,93.07875894988067,0.0,6.921241050119331,0.0
AUSLKA,86.73883626522327,0.0,13.261163734776726,0.0
AUSMYS,87.64227642276423,0.0,12.357723577235772,0.0
AUSPAK,100.0,0.0,0.0,0.0
AUSPHL,96.2233169129721,0.0,3.776683087027915,0.0
AUSTHA,97.56592292089249,0.0,2.434077079107505,0.0
BHRIND,100.0,0.0,0.0,0.0
BHRPAK,100.0,0.0,0.0,0.0
BRAPER,41.81818181818181,0.0,58.18181818181818,0.0
CANCHN,75.5868544600939,0.0,24.413145539906104,0.0
CANIND,91.1419423692636,0.0,8.858057630736393,0.0
CANLKA,87.84530386740332,0.0,12.154696132596685,0.0
CANPAK,90.9090909090909,0.0,9.090909090909092,0.0
CANPHL,93.53574926542605,0.0,6.464250734573946,0.0
CHEALB,49.69574036511156,0.0,50.30425963488844,0.0
CHEHUN,67.8646934460888,0.0,32.1353065539112,0.0
CHELKA,88.38821490467937,0.0,11.611785095320624,0.0
CHESRB,61.37071651090342,0.0,38.62928348909657,0.0
CHLPER,33.07692307692307,0.0,66.92307692307692,0.0
CZEUKR,20.689655172413794,0.0,79.3103448275862,0.0
GBRALB,45.81005586592179,0.0,54.18994413407822,0.0
GBRBRA,94.26934097421203,0.0,5.730659025787966,0.0
GBRCHN,72.66435986159169,0.0,27.33564013840831,0.0
GBRIND,96.37931034482759,0.0,3.620689655172414,0.0
GBRLKA,94.79034307496823,0.0,5.209656925031767,0.0
GBRNPL,90.2439024390244,0.0,9.75609756097561,0.0
GBRPAK,98.84393063583815,0.0,1.1560693641618496,0.0
GBRPHL,95.74621485219899,0.0,4.253785147801009,0.0
GBRPOL,89.38053097345133,0.0,10.619469026548673,0.0
GBRROU,63.91608391608392,0.0,36.08391608391609,0.0
GBRTHA,95.07462686567165,0.0,4.925373134328359,0.0
GBRZAF,80.87248322147651,0.0,19.12751677852349,0.0
INDLKA,12.22707423580786,0.0,87.77292576419214,0.0
INDNPL,21.12676056338028,0.0,78.87323943661971,0.0
INDPAK,0.0,0.0,100.0,0.0
ISRMAR,9.022556390977442,0.0,90.97744360902256,0.0
JPNBRA,65.97110754414125,0.0,34.02889245585875,0.0
JPNCHN,39.138240574506284,0.0,60.86175942549371,0.0
JPNIDN,82.0919175911252,0.0,17.9080824088748,0.0
JPNIND,69.04205607476635,0.0,30.957943925233643,0.0
JPNPHL,74.3975903614458,0.0,25.602409638554217,0.0
JPNTHA,84.26966292134831,0.0,15.730337078651685,0.0
KORCHN,0.3588516746411483,0.0,99.64114832535886,0.0
KWTIND,100.0,0.0,0.0,0.0
KWTPAK,100.0,0.0,0.0,0.0
KWTPHL,97.80701754385966,0.0,2.1929824561403506,0.0
MYSCHN,93.78531073446328,0.0,6.214689265536723,0.0
MYSIDN,99.71724787935909,0.0,0.2827521206409048,0.0
MYSIND,99.82332155477032,0.0,0.17667844522968199,0.0
MYSNPL,94.28571428571428,0.0,5.714285714285714,0.0
MYSPHL,96.18556701030928,0.0,3.814432989690722,0.0
MYSTHA,100.0,0.0,0.0,0.0
NORPAK,86.91588785046729,0.0,13.084112149532709,0.0
NORPOL,94.56681350954479,0.0,5.4331864904552125,0.0
NZLCHN,61.51960784313726,0.0,38.48039215686275,0.0
NZLIND,89.39256572982774,0.0,10.607434270172257,0.0
NZLPHL,92.80575539568345,0.0,7.194244604316546,0.0
OMNIND,99.65986394557824,0.0,0.3401360544217687,0.0
OMNLKA,97.33840304182509,0.0,2.6615969581749046,0.0
OMNNPL,100.0,0.0,0.0,0.0
OMNPAK,100.0,0.0,0.0,0.0
POLUKR,65.8119658119658,0.0,34.18803418803419,0.0
QATIND,93.55828220858896,0.0,6.441717791411043,0.0
QATLKA,94.6058091286307,0.0,5.394190871369295,0.0
QATNPL,100.0,0.0,0.0,0.0
QATPAK,100.0,0.0,0.0,0.0
QATPHL,94.47852760736197,0.0,5.521472392638037,0.0
RUSKAZ,0.0,0.0,100.0,0.0
RUSUKR,13.432835820895523,0.0,86.56716417910447,0.0
SAUIDN,96.93877551020408,0.0,3.061224489795918,0.0
SAUIND,99.20318725099602,0.0,0.796812749003984,0.0
SAULKA,92.13483146067416,0.0,7.865168539325842,0.0
SAUNPL,86.88524590163934,0.0,13.114754098360656,0.0
SAUPAK,89.39393939393939,0.0,10.606060606060606,0.0
SAUPHL,96.80365296803653,0.0,3.1963470319634704,0.0
SGPCHN,91.76954732510289,0.0,8.23045267489712,0.0
SGPIDN,98.81305637982196,0.0,1.1869436201780417,0.0
SGPIND,97.94437726723095,0.0,2.0556227327690446,0.0
SGPLKA,87.44680851063829,0.0,12.553191489361701,0.0
SGPMYS,98.88017917133259,0.0,1.1198208286674132,0.0
SGPPAK,100.0,0.0,0.0,0.0
SGPPHL,98.30371567043619,0.0,1.6962843295638126,0.0
SGPTHA,98.44961240310077,0.0,1.550387596899225,0.0
SWECHN,67.96338672768879,0.0,32.036613272311214,0.0
SWEIND,87.5,0.0,12.5,0.0
THACHN,66.73640167364016,7.322175732217573,25.94142259414226,0.0
THAIDN,62.526315789473685,1.4736842105263157,36.0,0.0
THAIND,65.0,3.0,32.0,0.0
USABRA,94.91150442477876,0.0,5.0884955752212395,0.0
USACHN,52.34248788368336,0.0,47.65751211631664,0.0
USACOL,83.85689354275742,0.0,16.143106457242585,0.0
USAECU,0.0,0.0,0.0,100.0
USAIDN,87.66328011611031,0.0,12.336719883889694,0.0
USAIND,95.99074787972243,0.0,4.009252120277564,0.0
USAMEX,95.0487012987013,0.0,4.951298701298701,0.0
USANPL,100.0,0.0,0.0,0.0
USAPAK,96.49122807017544,0.0,3.508771929824561,0.0
USAPER,31.07638888888889,0.0,68.92361111111111,0.0
USAPHL,73.63433667781494,0.0,26.365663322185064,0.0
USASLV,0.0,0.0,0.0,100.0
USATHA,83.36079077429983,0.0,16.639209225700164,0.0
USAUKR,33.8785046728972,0.0,66.1214953271028,0.0
USAZAF,92.38329238329239,0.0,7.616707616707617,0.0
ZAFCHN,57.6271186440678,0.3389830508474576,42.03389830508474,0.0
ZAFIND,76.43979057591623,0.0,23.56020942408377,0.0
